id_1,aperture_sum_1,annulus_median_1,aper_bkg_1,aper_err_1,aper_bkg_err_1,signal_1,noise_1,ra_1,dec_1,e_H,Hmag,id_2,aperture_sum_2,annulus_median_2,aper_bkg_2,aper_err_2,aper_bkg_err_2,signal_2,noise_2,ra_2,dec_2,e_j,Jmag,Separation_1,id,aperture_sum,annulus_median,aper_bkg,aper_err,aper_bkg_err,signal,noise,ra,dec,e_K,Kmag,Separation
11,32520.0,79.14,8950.0,180.3,164.6,23570.0,244.2,36.827754326803095,61.88867493242599,0.01036,16.26,6,6007.0,14.75,2271.0,77.51,93.27,3737.0,121.3,36.82788366235251,61.88866654057099,0.03245,18.14,0.2214584004858438,1,13780.0,-13.04,-1475.0,117.4,69.56,15250.0,136.4,36.827607179616706,61.888816228752,0.008945,15.28,0.5666060969040401
17,79040.0,82.62,9345.0,281.1,96.0,69690.0,297.1,36.827155774490755,61.85715946294067,0.004263,15.08,7,16660.0,18.4,2833.0,129.1,66.47,13830.0,145.2,36.82729804997988,61.85715752712319,0.0105,16.72,0.24168666749515835,2,35560.0,-15.31,-1731.0,188.6,60.14,37290.0,197.9,36.82718789690795,61.85726061500798,0.005308,14.31,0.3682097796304119
28,114400.0,88.9,10050.0,338.2,101.1,104300.0,353.0,36.82670705583666,61.88490352625471,0.003383,14.64,9,13320.0,18.81,2895.0,115.4,81.6,10420.0,141.3,36.82684527032154,61.88490066263214,0.01356,17.02,0.23470455745206226,4,113600.0,-3.511,-397.1,337.0,70.06,114000.0,344.2,36.82658612183208,61.885042179609066,0.00302,13.1,0.5396703364531055
34,86540.0,83.78,9476.0,294.2,131.4,77060.0,322.2,36.826625134123994,61.896845188782336,0.004181,14.97,10,39420.0,19.99,3077.0,198.5,96.99,36340.0,221.0,36.82677564447052,61.89684295367559,0.006081,15.67,0.25536490773944226,5,24730.0,-13.36,-1511.0,157.2,80.44,26240.0,176.6,36.826438833772684,61.897002424379316,0.006732,14.69,0.6482458300452482
44,15150.0,77.55,8770.0,123.1,90.25,6381.0,152.6,36.82621698125302,61.866817089571214,0.02392,17.68,11,3962.0,15.9,2448.0,62.94,65.01,1514.0,90.49,36.82634879086108,61.86681167693186,0.05977,19.12,0.22459128982167878,6,1502.0,-16.85,-1906.0,38.75,63.64,3407.0,74.51,36.82620844951447,61.86693218220845,0.02187,16.91,0.4145865234735259
47,13820.0,76.45,8647.0,117.5,126.8,5168.0,172.9,36.82544681784704,61.845215877545414,0.03345,17.91,12,4215.0,15.79,2431.0,64.92,95.85,1784.0,115.8,36.8255779349471,61.845207345243004,0.06489,18.94,0.22483389948121335,7,454.1,-20.23,-2288.0,21.31,81.52,2742.0,84.26,36.82553964666019,61.8452902291743,0.03072,17.14,0.31066046558909477
49,93910.0,82.94,9381.0,306.5,113.4,84530.0,326.8,36.82534164291655,61.8467670464757,0.003865,14.87,13,19770.0,17.48,2691.0,140.6,72.16,17080.0,158.1,36.825470834331725,61.84675701146498,0.009253,16.49,0.2223973629118909,8,43930.0,-15.21,-1720.0,209.6,64.75,45650.0,219.4,36.82543413624068,61.846843332003054,0.004805,14.09,0.31639135871024665
50,24330.0,78.58,8887.0,156.0,94.21,15440.0,182.2,36.82510927618622,61.856821189913795,0.0118,16.72,14,7206.0,18.91,2910.0,84.89,66.07,4295.0,107.6,36.825240005770716,61.85682026103047,0.02504,17.99,0.22200866497515603,9,5921.0,-17.64,-1995.0,76.95,54.24,7916.0,94.14,36.82514627313142,61.856916420748774,0.01189,15.99,0.34853938934190715
54,38590.0,76.77,8683.0,196.4,83.36,29900.0,213.4,36.82489186254732,61.85950646173381,0.007136,16.0,15,15050.0,18.17,2797.0,122.7,61.56,12250.0,137.3,36.8250277274782,61.8595044211473,0.0112,16.85,0.2308002097589523,10,8144.0,-16.86,-1907.0,90.24,55.97,10050.0,106.2,36.8249105817691,61.85960603919328,0.01057,15.73,0.3598850540850211
58,28810.0,80.32,9084.0,169.7,90.47,19720.0,192.3,36.824100661098164,61.8869628967584,0.009751,16.45,16,5571.0,17.35,2671.0,74.64,70.3,2900.0,102.5,36.824235989926144,61.88694786008767,0.03535,18.41,0.2358630285809069,11,11790.0,-15.05,-1702.0,108.6,57.92,13490.0,123.0,36.82396481677281,61.88709926238011,0.009123,15.42,0.5423115786764836
59,53670.0,81.19,9183.0,231.7,78.24,44490.0,244.5,36.82389845724752,61.86254067067602,0.005496,15.57,17,16600.0,18.87,2905.0,128.8,60.72,13690.0,142.4,36.82403265269705,61.86253814493319,0.0104,16.73,0.22800749729060638,12,17220.0,-16.0,-1809.0,131.2,56.53,19030.0,142.9,36.82390198091365,61.86264477604636,0.007508,15.04,0.37482707364672935
62,23270.0,80.25,9077.0,152.6,92.49,14200.0,178.4,36.82289714466568,61.86462938554926,0.01257,16.81,18,6672.0,19.38,2983.0,81.68,67.72,3690.0,106.1,36.823041258739785,61.864627446901196,0.02876,18.15,0.24474800355673565,14,4911.0,-15.12,-1710.0,70.08,63.57,6621.0,94.62,36.82290414497192,61.86473621675737,0.01429,16.19,0.3847759060429185
65,39570.0,80.36,9088.0,198.9,84.83,30480.0,216.2,36.822773857552434,61.861760186410855,0.007095,15.98,19,12050.0,19.08,2936.0,109.8,59.84,9117.0,125.0,36.822907474662216,61.86175820232957,0.01371,17.17,0.22696246140336854,15,11300.0,-16.01,-1810.0,106.3,46.55,13110.0,116.1,36.82278548688296,61.86186111451686,0.00885,15.45,0.36387722099729924
66,22470.0,81.21,9184.0,149.9,77.89,13290.0,168.9,36.82263470623797,61.88607785858253,0.01271,16.88,21,6763.0,17.22,2650.0,82.24,64.51,4113.0,104.5,36.82277509445223,61.88607267223054,0.02541,18.03,0.238887356653137,16,4529.0,-14.25,-1612.0,67.3,54.47,6141.0,86.58,36.82251645430652,61.88621374526855,0.0141,16.27,0.5287256166017636
67,13720.0,77.15,8725.0,117.1,79.76,4992.0,141.7,36.822595545920116,61.874015681611425,0.02838,17.94,20,3946.0,17.29,2662.0,62.82,58.58,1284.0,85.89,36.82274868328022,61.87401376196879,0.06691,19.3,0.2599786534124571,17,1045.0,-15.92,-1801.0,32.32,44.93,2846.0,55.34,36.82253709544757,61.87413709942454,0.01945,17.1,0.44821834506373504
69,35980.0,82.51,9332.0,189.7,105.4,26650.0,217.0,36.82234958398413,61.8754685507881,0.008144,16.13,22,10200.0,19.28,2968.0,101.0,67.56,7233.0,121.5,36.822496190624534,61.87547149108206,0.0168,17.42,0.2490168657328324,18,10590.0,-14.05,-1589.0,102.9,62.43,12170.0,120.3,36.82228533013822,61.87559210105564,0.009885,15.53,0.45795146474311066
71,29420.0,76.83,8689.0,171.5,84.53,20730.0,191.2,36.822113072367074,61.85560169069978,0.009225,16.4,23,6863.0,18.06,2780.0,82.85,60.66,4083.0,102.7,36.82225766017799,61.855590712077365,0.02515,18.04,0.24868578695914553,19,9575.0,-17.13,-1938.0,97.85,55.84,11510.0,112.7,36.82215640636443,61.855690803377506,0.009786,15.59,0.3291368748928509
72,14980.0,76.52,8654.0,122.4,81.52,6325.0,147.1,36.82202916091949,61.86738458207817,0.02325,17.69,24,3811.0,17.78,2736.0,61.73,63.24,1075.0,88.38,36.82214222838428,61.867380733751894,0.08223,19.49,0.1924257725559613,20,1495.0,-17.8,-2013.0,38.66,48.11,3508.0,61.72,36.82199616396953,61.86749770751505,0.0176,16.88,0.4110851836783739
74,209900.0,95.04,10750.0,458.1,125.9,199100.0,475.1,36.821658241975264,61.87667904891161,0.002386,13.94,25,30330.0,19.97,3074.0,174.2,64.24,27260.0,185.6,36.82179890238956,61.87667869769184,0.00681,15.98,0.23869496002139068,21,163700.0,-0.9065,-102.5,404.6,90.78,163800.0,414.7,36.821587626914265,61.876800453207224,0.002531,12.7,0.45318479128330197
78,16540.0,76.14,8612.0,128.6,89.7,7931.0,156.8,36.82085153003705,61.85461701983232,0.01977,17.44,27,5182.0,17.91,2758.0,71.99,56.6,2424.0,91.57,36.82097696309332,61.854608916420396,0.03777,18.61,0.2149935044571644,24,1599.0,-18.84,-2131.0,39.99,51.13,3730.0,64.91,36.820897615496385,61.85470381502494,0.0174,16.81,0.32211427101768325
80,13900.0,75.76,8568.0,117.9,71.38,5335.0,137.8,36.82063414567881,61.85243443359365,0.02583,17.87,28,4138.0,17.3,2663.0,64.32,52.32,1475.0,82.92,36.820757269692116,61.852422145436364,0.05622,19.15,0.21372716110430237,25,563.9,-18.78,-2124.0,23.75,49.26,2688.0,54.69,36.82069728332653,61.85251263377476,0.02035,17.17,0.30124925852626117
92,124700.0,89.39,10110.0,353.1,127.8,114600.0,375.5,36.818663343129195,61.896633297915955,0.003278,14.54,29,67810.0,23.18,3568.0,260.4,93.6,64240.0,276.7,36.81881902646217,61.8966329583439,0.004307,15.05,0.2640152002973798,26,36510.0,-11.97,-1354.0,191.1,67.27,37870.0,202.6,36.81849697592851,61.89677726558415,0.00535,14.29,0.5900975135800048
96,19410.0,84.58,9565.0,139.3,175.7,9845.0,224.2,36.81788893790465,61.89627209326456,0.02278,17.21,30,7340.0,20.99,3231.0,85.67,140.5,4109.0,164.5,36.81806158721637,61.89627177467915,0.04004,18.03,0.2927894779036708,28,2113.0,-13.41,-1516.0,45.97,95.26,3629.0,105.8,36.81771871786262,61.89641513823375,0.02914,16.84,0.590351009738457
97,17340.0,78.4,8867.0,131.7,79.37,8473.0,153.8,36.81775607600645,61.876145333977696,0.01815,17.37,31,5926.0,18.0,2770.0,76.98,62.47,3155.0,99.13,36.81789847635949,61.87614646908812,0.03142,18.32,0.2416829292297453,29,2214.0,-14.38,-1626.0,47.05,54.92,3840.0,72.32,36.817706902470924,61.876263819976664,0.01883,16.78,0.43463516391079937
99,22510.0,77.97,8819.0,150.0,85.01,13700.0,172.5,36.81763772734327,61.86403302290135,0.01259,16.85,32,6586.0,18.15,2795.0,81.15,62.29,3791.0,102.3,36.81776638658918,61.86403224044322,0.02698,18.12,0.2184347248622057,30,4474.0,-16.79,-1899.0,66.89,57.41,6373.0,88.15,36.817641880131724,61.86413158927034,0.01383,16.23,0.3549089549800643
101,22980.0,79.06,8941.0,151.6,88.76,14040.0,175.7,36.8169404069168,61.887685341593354,0.01251,16.82,33,5735.0,18.96,2919.0,75.73,66.15,2817.0,100.6,36.817097493815666,61.88768066568276,0.0357,18.44,0.26700165860832825,31,6784.0,-14.17,-1603.0,82.36,49.68,8386.0,96.19,36.81681939899609,61.88781340264443,0.01147,15.93,0.5046526955186218
104,17160.0,79.03,8938.0,131.0,87.37,8222.0,157.5,36.81676972140429,61.891171361639245,0.01915,17.4,34,5871.0,18.44,2839.0,76.62,68.22,3032.0,102.6,36.81691561969022,61.89117434415947,0.03384,18.36,0.24769557589301452,33,2167.0,-15.75,-1781.0,46.56,49.99,3949.0,68.31,36.816620757810426,61.89130006425396,0.0173,16.75,0.5277422930795155
110,31540.0,81.55,9223.0,177.6,83.72,22320.0,196.4,36.81626492819533,61.86730929111731,0.008797,16.32,35,9771.0,19.96,3073.0,98.85,60.95,6698.0,116.1,36.81640668838767,61.86731151999217,0.01734,17.5,0.24076519726090223,36,7817.0,-13.85,-1567.0,88.41,47.42,9384.0,100.3,36.816255945736756,61.867414670845285,0.01069,15.81,0.37967330193883164
112,26470.0,81.21,9185.0,162.7,90.29,17280.0,186.1,36.81601962240403,61.87718003076728,0.01077,16.6,36,12720.0,18.95,2917.0,112.8,69.34,9801.0,132.4,36.81616027020503,61.87718123298534,0.01351,17.09,0.23870553535981429,37,4814.0,-13.14,-1486.0,69.38,52.91,6300.0,87.26,36.81595787201747,61.87729884393836,0.01385,16.24,0.44037544344456964
115,17690.0,80.04,9052.0,133.0,86.51,8641.0,158.7,36.815585152457544,61.87295030816695,0.01836,17.35,37,6921.0,18.33,2822.0,83.19,70.3,4100.0,108.9,36.81573151838274,61.872946914791456,0.02657,18.04,0.24870395326811603,38,1959.0,-13.34,-1509.0,44.26,54.48,3468.0,70.2,36.81554808186069,61.87305924700813,0.02024,16.89,0.39719413718902313
116,26560.0,76.92,8700.0,163.0,82.08,17860.0,182.5,36.81540652038836,61.85564313720762,0.01022,16.56,38,5804.0,18.77,2890.0,76.18,57.45,2915.0,95.42,36.81554747582947,61.85563735102169,0.03274,18.41,0.24026124497163667,39,9196.0,-16.97,-1920.0,95.9,50.72,11120.0,108.5,36.815458246067884,61.855722161433604,0.00976,15.63,0.29773816542767323
118,35810.0,82.08,9283.0,189.2,102.9,26520.0,215.4,36.814805330150655,61.894079039825094,0.008121,16.13,39,7101.0,17.77,2735.0,84.27,77.56,4366.0,114.5,36.81496426550669,61.89408214985318,0.02623,17.97,0.2697821530724583,40,14380.0,-13.5,-1527.0,119.9,70.41,15900.0,139.0,36.814653750959245,61.894214816509354,0.008743,15.24,0.5522755562079423
125,19810.0,76.46,8647.0,140.8,72.09,11170.0,158.2,36.81354569851282,61.85623556087776,0.01416,17.07,40,5664.0,17.77,2736.0,75.26,51.12,2928.0,90.98,36.81367720256679,61.85623869645678,0.03107,18.4,0.2235879355327559,44,3489.0,-16.18,-1829.0,59.07,49.05,5318.0,76.78,36.81359505461892,61.85631416348644,0.01444,16.43,0.29511993858591384
129,23050.0,94.81,10720.0,151.8,313.0,12330.0,347.9,36.813154849295515,61.88827823082743,0.02822,16.96,41,11910.0,27.04,4163.0,109.1,209.0,7750.0,235.8,36.81325664872045,61.888299772727585,0.03043,17.34,0.18929618203199775,47,4533.0,-7.516,-850.1,67.33,145.7,5383.0,160.5,36.81304097375931,61.88839417202821,0.02982,16.41,0.45991961805028775
131,39210.0,81.17,9180.0,198.0,79.44,30030.0,213.3,36.812539096197,61.86490508418632,0.007105,16.0,42,8077.0,18.44,2838.0,89.87,53.01,5239.0,104.3,36.8126899811126,61.864906995668235,0.01992,17.77,0.25623277429162306,49,15490.0,-9.148,-1035.0,124.5,55.32,16530.0,136.2,36.81255124327558,61.864994310322174,0.008241,15.19,0.321875293083676
132,13720.0,77.17,8728.0,117.1,81.86,4991.0,142.9,36.812510670623105,61.88542145551435,0.02863,17.94,43,4227.0,17.76,2734.0,65.02,52.16,1493.0,83.35,36.81268453749474,61.88541948594097,0.05582,19.13,0.2950418046228828,51,1201.0,-11.17,-1264.0,34.66,52.83,2465.0,63.19,36.8124066417639,61.88553497859864,0.02563,17.26,0.4451594050226698
133,56730.0,79.14,8951.0,238.2,82.49,47780.0,252.1,36.81248949203106,61.89242159670558,0.005276,15.49,44,21850.0,18.07,2782.0,147.8,68.91,19060.0,163.1,36.812651171683875,61.89242042170785,0.008554,16.37,0.274251472359199,50,15920.0,-13.35,-1510.0,126.2,53.69,17430.0,137.1,36.81235469456689,61.892550741602896,0.007868,15.14,0.5180938871616428
136,1405000.0,179.8,20330.0,1185.0,461.6,1385000.0,1272.0,36.812427659242836,61.88875128963006,9.186E-4,11.84,45,704000.0,61.95,9536.0,839.0,273.4,694400.0,882.4,36.81257767322876,61.888750886527234,0.001271,12.46,0.2544677944471821,54,490200.0,29.88,3380.0,700.1,229.0,486800.0,736.6,36.812312447884565,61.88887288605545,0.001513,11.52,0.4793901809512099
137,818000.0,139.0,15720.0,904.4,284.7,802300.0,948.2,36.81210291324504,61.85853112355428,0.001182,12.43,46,262000.0,37.23,5731.0,511.8,118.7,256200.0,525.4,36.81225149858468,61.858528073839906,0.00205,13.55,0.2525278935509066,55,497100.0,30.41,3439.0,705.0,219.2,493600.0,738.3,36.81215130137643,61.85860898049304,0.001496,11.51,0.29207866737106497
140,13230.0,77.16,8727.0,115.0,67.22,4505.0,133.2,36.8116115072571,61.87598838872346,0.02957,18.06,47,4655.0,16.99,2615.0,68.23,50.62,2040.0,84.96,36.8117633892684,61.87598627004001,0.04164,18.79,0.25785258622565144,58,384.3,-11.77,-1332.0,19.6,41.14,1716.0,45.58,36.81155670004173,61.876092384705174,0.02656,17.65,0.38576506791558685
141,28460.0,79.41,8981.0,168.7,80.36,19480.0,186.9,36.81161828731373,61.8947439798703,0.009592,16.47,48,8607.0,17.1,2632.0,92.77,66.71,5975.0,114.3,36.811782663761306,61.89474390657086,0.01912,17.63,0.27877174523204934,59,7286.0,-12.77,-1445.0,85.36,56.7,8731.0,102.5,36.81147034013531,61.894876317865034,0.01174,15.89,0.5384494719936019
142,18100.0,77.28,8741.0,134.5,70.03,9361.0,151.7,36.81151952745558,61.874552996794876,0.0162,17.26,49,5852.0,17.73,2730.0,76.5,53.94,3122.0,93.6,36.81166240546337,61.87454461398279,0.02998,18.33,0.24434236263107645,60,2746.0,-12.72,-1439.0,52.41,44.42,4185.0,68.7,36.81147840391773,61.87465848877297,0.01641,16.69,0.38613024704546767
143,24990.0,76.77,8683.0,158.1,71.92,16310.0,173.7,36.81140998875911,61.877178101803096,0.01065,16.66,50,7422.0,17.77,2735.0,86.15,58.26,4687.0,104.0,36.81155919153014,61.87717525288103,0.02219,17.89,0.25339096714368736,61,6855.0,-11.78,-1332.0,82.8,47.28,8188.0,95.35,36.81134987192587,61.877284110154534,0.01164,15.96,0.39502919301506767
146,20100.0,87.87,9938.0,141.8,176.6,10160.0,226.5,36.81068455139392,61.85850973203722,0.02229,17.17,51,6801.0,23.1,3555.0,82.47,105.9,3246.0,134.3,36.8108415815934,61.85850696538635,0.04136,18.29,0.26681413855623803,62,4064.0,-6.169,-697.7,63.75,132.7,4762.0,147.3,36.8107495169769,61.858586041461585,0.03092,16.55,0.29603297125333916
148,17750.0,78.96,8931.0,133.2,66.68,8820.0,149.0,36.810355413791136,61.866296682829415,0.01689,17.33,52,4976.0,18.41,2835.0,70.54,53.37,2141.0,88.46,36.81050988744273,61.86629622730351,0.04132,18.74,0.2622257764784428,64,3368.0,-9.95,-1125.0,58.04,42.39,4494.0,71.87,36.81036351090669,61.86638320825672,0.01599,16.61,0.31179464592150774
152,40390.0,83.29,9419.0,201.0,73.39,30970.0,214.0,36.80890810268566,61.8585257371174,0.006908,15.96,53,11720.0,20.87,3213.0,108.2,49.85,8504.0,119.2,36.809049710933174,61.85852468379082,0.01401,17.24,0.240472362370706,67,12060.0,-11.11,-1256.0,109.8,49.29,13310.0,120.4,36.808957128655194,61.858601407822825,0.00904,15.43,0.28484925092245783
154,57400.0,83.28,9419.0,239.6,70.1,47980.0,249.6,36.808585820974734,61.86328872491615,0.005203,15.49,54,17200.0,21.05,3240.0,131.2,44.58,13960.0,138.5,36.80873153014094,61.86328803002491,0.009921,16.71,0.24737977686466053,69,19970.0,-10.92,-1235.0,141.3,47.18,21200.0,149.0,36.80861420504461,61.86337094861099,0.007026,14.92,0.2999018472829975
156,23400.0,87.74,9923.0,153.0,89.22,13480.0,177.1,36.8084216094037,61.86069111924597,0.01314,16.87,55,7798.0,23.52,3620.0,88.3,67.23,4178.0,111.0,36.8085658291145,61.860692668959494,0.02657,18.02,0.24492280943057196,71,5288.0,-9.18,-1038.0,72.72,66.48,6327.0,98.53,36.80845920027462,61.86076994472202,0.01557,16.24,0.2908602687967707
157,21370.0,77.73,8791.0,146.2,60.56,12570.0,158.2,36.80817852223426,61.88044157797806,0.01258,16.94,56,9197.0,17.74,2731.0,95.9,47.55,6467.0,107.0,36.80832618936413,61.88044139925571,0.01655,17.54,0.25055159059412546,72,3074.0,-13.24,-1498.0,55.44,40.03,4571.0,68.38,36.80810560738562,61.88055081019429,0.01496,16.59,0.4122381231197697
159,429800.0,118.6,13420.0,655.6,180.8,416400.0,680.1,36.80730200443952,61.86141283517655,0.001633,13.14,57,66020.0,28.03,4315.0,256.9,73.5,61700.0,267.2,36.80745511342352,61.86141197818065,0.004331,15.09,0.25996385172842096,74,266100.0,14.36,1624.0,515.9,137.2,264500.0,533.8,36.80734405558933,61.86148973062621,0.002018,12.18,0.28588171688131153
162,19760.0,78.54,8883.0,140.6,60.76,10880.0,153.1,36.807030564526514,61.88216977886653,0.01408,17.1,58,7840.0,18.84,2901.0,88.54,50.39,4939.0,101.9,36.80717365096608,61.88217016801616,0.02063,17.83,0.24276892142846454,76,2520.0,-13.44,-1520.0,50.2,39.92,4040.0,64.14,36.80695605250323,61.88227696465409,0.01588,16.72,0.4060499572537549
163,17780.0,78.73,8904.0,133.3,72.3,8872.0,151.7,36.80678363136143,61.864791169559474,0.0171,17.32,59,5855.0,20.73,3192.0,76.52,51.27,2664.0,92.11,36.80692576118135,61.86479255764468,0.03458,18.5,0.24133045520564234,77,2496.0,-11.94,-1350.0,49.96,45.96,3846.0,67.88,36.80681144210153,61.864873753496965,0.01765,16.78,0.30102738776542154
167,12920.0,79.54,8996.0,113.7,75.43,3926.0,136.4,36.80622303954641,61.85787802372902,0.03475,18.2,60,4550.0,20.66,3180.0,67.45,48.73,1370.0,83.21,36.80639050619765,61.85787878111563,0.06073,19.23,0.2843675825561843,80,-237.2,-13.41,-1517.0,15.4,51.63,1280.0,53.87,36.80628235519128,61.85794730477215,0.0421,17.97,0.26897961601388254
169,19510.0,76.77,8683.0,139.7,81.91,10830.0,161.9,36.805413756939195,61.8921323525724,0.01495,17.1,61,8406.0,18.24,2808.0,91.68,62.91,5598.0,111.2,36.80557231781176,61.89213153747725,0.01986,17.7,0.2689477501509294,81,2614.0,-14.39,-1627.0,51.13,47.5,4241.0,69.79,36.80529117709039,61.89224871689405,0.01646,16.67,0.46766575010911127
170,29500.0,79.43,8984.0,171.7,85.25,20510.0,191.7,36.805335563640156,61.87952490750608,0.009348,16.41,62,6981.0,18.26,2811.0,83.55,55.35,4169.0,100.2,36.805489577341596,61.87952377594521,0.02404,18.02,0.26135873790158853,82,11320.0,-11.29,-1277.0,106.4,53.03,12600.0,118.9,36.80527564067779,61.879626496355,0.009438,15.49,0.3795905354115051
173,19900.0,78.21,8845.0,141.1,97.55,11050.0,171.5,36.80417298469703,61.89323236646234,0.01552,17.08,63,4677.0,18.85,2902.0,68.39,69.5,1775.0,97.51,36.80431490508825,61.893237519128505,0.05494,18.95,0.2414132058872135,85,4419.0,-13.91,-1573.0,66.48,59.81,5992.0,89.42,36.8040474237221,61.893348695363585,0.01492,16.3,0.46981822357279446
174,2971000.0,486.1,54980.0,1724.0,1902.0,2916000.0,2567.0,36.80382656118038,61.86080849080541,8.804E-4,11.03,64,2825000.0,209.6,32260.0,1681.0,1092.0,2792000.0,2004.0,36.80389896349379,61.86078596546953,7.178E-4,10.95,0.14726345116923073,87,1788000.0,175.7,19870.0,1337.0,885.7,1768000.0,1604.0,36.80380542758561,61.86085874521092,9.071E-4,10.12,0.18443965694504172
179,25940.0,77.45,8759.0,161.1,65.89,17180.0,174.0,36.80353985796096,61.883752627547295,0.01013,16.6,65,7538.0,16.98,2613.0,86.82,50.18,4924.0,100.3,36.80369465186784,61.88375389409473,0.02036,17.84,0.2626541277967531,88,6767.0,-12.09,-1367.0,82.26,48.15,8134.0,95.32,36.80346422966764,61.88385803250801,0.01172,15.96,0.4005631173436479
180,26530.0,104.3,11800.0,162.9,194.2,14730.0,253.4,36.803158961847124,61.86174710225683,0.0172,16.77,66,10120.0,33.69,5187.0,100.6,166.3,4934.0,194.4,36.80331516594202,61.86173280268732,0.0394,17.83,0.2701476647829998,89,6399.0,3.68,416.2,79.99,137.6,5983.0,159.2,36.8031950530442,61.86181716325626,0.02661,16.3,0.25955588012117403
184,31620.0,93.07,10530.0,177.8,100.3,21090.0,204.1,36.80251175149534,61.85934843211822,0.009679,16.38,67,9790.0,28.45,4379.0,98.95,74.98,5412.0,124.1,36.80265519301258,61.85934754965634,0.02294,17.73,0.24356942678475665,93,9012.0,-4.098,-463.4,94.93,63.64,9475.0,114.3,36.80256790459545,61.85941523901165,0.01206,15.8,0.25871347469839995
187,21680.0,78.21,8845.0,147.2,82.98,12830.0,169.0,36.80200270019263,61.89330822487609,0.01317,16.92,68,5156.0,18.31,2819.0,71.81,65.2,2338.0,96.99,36.80216735306127,61.8933077020653,0.04149,18.65,0.2792598587534928,94,5823.0,-13.7,-1550.0,76.31,62.06,7373.0,98.36,36.801866925349515,61.89342511782092,0.01334,16.07,0.47969965284698163
189,57570.0,82.32,9310.0,239.9,72.46,48260.0,250.6,36.801696793135015,61.88260710127701,0.005193,15.48,69,9591.0,18.23,2806.0,97.94,53.76,6785.0,111.7,36.80185132632564,61.882610639417884,0.01647,17.49,0.262491251634123,96,43170.0,-8.048,-910.3,207.8,50.86,44080.0,213.9,36.8016286770681,61.88270644808496,0.004852,14.13,0.3758562935563757
192,20830.0,90.8,10270.0,144.3,91.32,10560.0,170.8,36.800720353179905,61.86170094670953,0.01617,17.13,70,8535.0,26.91,4143.0,92.39,68.57,4393.0,115.1,36.800870295462964,61.86169945433844,0.02619,17.96,0.25462347434083893,98,3415.0,-4.686,-530.0,58.44,53.29,3945.0,79.09,36.8007620976432,61.861768479155934,0.02005,16.75,0.2532363578985291
193,30470.0,75.91,8585.0,174.6,71.53,21880.0,188.6,36.80037020471674,61.8849496231644,0.00862,16.34,71,6478.0,17.4,2679.0,80.49,52.69,3799.0,96.2,36.800523790657415,61.8849475585639,0.02532,18.12,0.26066099657171565,99,11280.0,-11.7,-1324.0,106.2,45.46,12600.0,115.5,36.80029474730057,61.8850487560383,0.009166,15.49,0.37914260139521777
195,22120.0,92.46,10460.0,148.7,80.47,11660.0,169.1,36.800004700480315,61.860610655929676,0.0145,17.02,72,7575.0,25.57,3936.0,87.03,67.87,3638.0,110.4,36.800152021620136,61.86061593188553,0.03033,18.17,0.25084567683169157,100,4820.0,-4.994,-564.8,69.43,57.87,5385.0,90.38,36.800047251446436,61.860674954427054,0.01678,16.41,0.2424864690114073
200,53140.0,86.94,9833.0,230.5,77.85,43300.0,243.3,36.79937790632208,61.86457765137523,0.005619,15.6,73,14870.0,21.47,3306.0,121.9,51.21,11570.0,132.3,36.799524963303746,61.86457859545689,0.01144,16.91,0.24966790865776803,102,20850.0,-5.579,-631.0,144.4,49.06,21480.0,152.5,36.79940347455825,61.86464772849949,0.007099,14.91,0.2559843401290785
202,26470.0,79.6,9002.0,162.7,90.0,17470.0,185.9,36.79880538318016,61.897623509598525,0.01064,16.58,74,6129.0,19.04,2931.0,78.29,70.73,3198.0,105.5,36.79898221724372,61.89762824775127,0.03299,18.31,0.3003554099637904,104,8957.0,-11.58,-1309.0,94.64,59.41,10270.0,111.7,36.79866187605638,61.89774283274202,0.01088,15.71,0.4937068140288561
205,37570.0,87.73,9921.0,193.8,71.16,27650.0,206.5,36.798450265193594,61.87399672210365,0.007467,16.09,75,7350.0,20.11,3096.0,85.73,52.64,4254.0,100.6,36.79862244560053,61.87400158070318,0.02365,18.0,0.29272758826198525,107,15930.0,-4.94,-558.7,126.2,59.35,16490.0,139.5,36.798432494159094,61.87408142198702,0.008457,15.2,0.3064074236019666
206,531400.0,130.3,14730.0,729.0,216.6,516700.0,760.5,36.798306777081756,61.880880341212944,0.001472,12.91,77,80240.0,26.65,4103.0,283.3,70.3,76130.0,291.9,36.798463535976516,61.88087978535518,0.003833,14.86,0.2659807226486035,108,383200.0,29.83,3373.0,619.0,173.2,379800.0,642.8,36.798254274712036,61.88097009063089,0.001692,11.79,0.33515315725659134
207,15790.0,75.88,8582.0,125.7,69.12,7211.0,143.4,36.79827731946979,61.889804253109226,0.01989,17.54,76,4463.0,17.62,2713.0,66.81,58.47,1750.0,88.78,36.79843685569631,61.88979371806499,0.05072,18.96,0.27325144234417403,109,2851.0,-13.27,-1501.0,53.4,49.17,4352.0,72.59,36.798176027179174,61.88990521486457,0.01668,16.64,0.4020253611991565
208,15350.0,83.55,9449.0,123.9,69.33,5898.0,142.0,36.7979502062617,61.862950696772415,0.02407,17.76,78,5877.0,21.11,3249.0,76.66,49.86,2628.0,91.45,36.79810524175914,61.862953364125005,0.0348,18.52,0.2633782226434568,110,1351.0,-8.626,-975.6,36.75,47.35,2326.0,59.94,36.79797710056997,61.863015513270724,0.02577,17.32,0.23776449249675152
209,75420.0,97.84,11070.0,274.6,87.96,64350.0,288.4,36.79777976754571,61.87708088349633,0.004481,15.17,79,12770.0,21.59,3324.0,113.0,62.17,9443.0,129.0,36.79794189029058,61.87708440117027,0.01366,17.13,0.2753994767451954,111,39570.0,1.049,118.6,198.9,57.53,39450.0,207.1,36.79775000701998,61.87716853975462,0.005249,14.25,0.31957793430174125
210,52890.0,85.86,9710.0,230.0,291.1,43180.0,371.0,36.79753717807885,61.8465877683723,0.008591,15.6,80,15890.0,21.09,3247.0,126.1,178.5,12640.0,218.6,36.79767410723769,61.846584393631936,0.01728,16.81,0.23290529898494994,113,20720.0,-10.64,-1204.0,143.9,168.2,21920.0,221.4,36.797657754441744,61.84662126792802,0.0101,14.89,0.23767961399701215
211,14990.0,74.97,8479.0,122.4,81.31,6512.0,147.0,36.79764452760767,61.891925727936474,0.02257,17.66,81,4359.0,17.52,2697.0,66.02,67.33,1663.0,94.3,36.79780331272346,61.891925446547354,0.05672,19.02,0.2693157974841946,112,2366.0,-13.72,-1552.0,48.64,52.84,3918.0,71.83,36.79751877835989,61.892030043513756,0.01833,16.76,0.4318754857382364
212,34270.0,88.54,10010.0,185.1,69.92,24260.0,197.9,36.79755980553011,61.87953826300604,0.008158,16.23,82,8098.0,21.65,3333.0,89.99,62.06,4765.0,109.3,36.79770331588065,61.87954217608538,0.02294,17.87,0.2439121512931749,114,13110.0,-5.28,-597.2,114.5,49.4,13710.0,124.7,36.79751302896659,61.87962936227276,0.009097,15.4,0.337424822511206
213,26210.0,78.93,8927.0,161.9,103.8,17290.0,192.3,36.797380692192505,61.8964845562074,0.01112,16.6,83,6220.0,17.29,2662.0,78.87,66.37,3558.0,103.1,36.797534326145566,61.89647938630525,0.02897,18.19,0.26120217764115056,115,9874.0,-13.71,-1550.0,99.37,59.76,11420.0,116.0,36.79724069138339,61.89659661452962,0.01015,15.6,0.4680886659291784
214,88110.0,91.57,10360.0,296.8,82.79,77750.0,308.2,36.79715807498358,61.87868905102817,0.003963,14.96,84,43610.0,22.54,3470.0,208.8,57.71,40140.0,216.7,36.79731631459553,61.87869110564763,0.005397,15.56,0.2686065951295007,116,28180.0,-4.602,-520.4,167.9,52.54,28700.0,175.9,36.79712065537089,61.87877662855161,0.006129,14.6,0.3216091414103975
215,98980.0,96.86,10950.0,314.6,341.5,88030.0,464.3,36.79702366817843,61.84619874670771,0.005275,14.83,86,31450.0,22.68,3492.0,177.3,137.0,27950.0,224.1,36.79716212477219,61.8461949485539,0.008017,15.95,0.23558284605361837,117,36530.0,-4.33,-489.8,191.1,200.6,37020.0,277.1,36.79714873051768,61.84623207283869,0.007485,14.32,0.24397107724831413
218,172600.0,97.17,10990.0,415.5,80.98,161700.0,423.3,36.79671193879556,61.861567487602315,0.002619,14.17,87,53970.0,24.24,3731.0,232.3,52.4,50230.0,238.1,36.79685785103269,61.86156682971128,0.004741,15.32,0.24773711331712064,119,68200.0,-3.625,-410.0,261.2,50.75,68610.0,266.0,36.796757301119946,61.861628692885866,0.003878,13.65,0.2334107289168501
221,115800.0,89.87,10160.0,340.3,178.9,105600.0,384.4,36.79635547310921,61.84671656605434,0.00364,14.63,90,36040.0,21.93,3375.0,189.8,109.8,32670.0,219.3,36.79649573094432,61.84671570569052,0.006714,15.78,0.2382614368350809,121,47000.0,-9.375,-1060.0,216.8,108.2,48060.0,242.3,36.7964790953526,61.84675091051043,0.005042,14.04,0.24368044472462264
223,79180.0,95.15,10760.0,281.4,128.6,68420.0,309.4,36.79567579804375,61.87374519471321,0.004522,15.1,91,13880.0,21.59,3324.0,117.8,58.25,10560.0,131.4,36.79583161287086,61.87375579202471,0.01245,17.01,0.2671707940337088,122,51890.0,0.3656,41.35,227.8,93.88,51850.0,246.4,36.795664052279626,61.87382703163855,0.004752,13.95,0.2952865235714464
224,24110.0,80.73,9130.0,155.3,62.97,14980.0,167.6,36.79564261711825,61.8601938666177,0.01118,16.75,92,7597.0,20.76,3195.0,87.16,46.73,4402.0,98.9,36.79579193914402,61.86019334863067,0.02247,17.96,0.25353305896974715,123,5119.0,-11.11,-1256.0,71.55,45.11,6375.0,84.58,36.7956966221484,61.86025216567193,0.01327,16.23,0.22903200529100556
225,76240.0,97.15,10990.0,276.1,114.6,65250.0,299.0,36.79556432181177,61.87397033423128,0.004582,15.15,93,13360.0,21.23,3267.0,115.6,54.92,10100.0,128.0,36.795725256215135,61.873963875021026,0.01268,17.06,0.27410753010710903,124,51820.0,3.169,358.4,227.6,74.56,51460.0,239.5,36.795550225882316,61.8740482886519,0.004655,13.96,0.28165364675829
228,77180.0,85.26,9643.0,277.8,92.99,67540.0,293.0,36.79519354408095,61.88529229898381,0.004338,15.12,94,8860.0,18.08,2783.0,94.13,53.33,6076.0,108.2,36.79534324054754,61.88529249541976,0.0178,17.61,0.25395473723214923,127,62450.0,-5.822,-658.5,249.9,61.74,63110.0,257.4,36.7951204595214,61.88538561421064,0.004079,13.74,0.35808435351904094
229,35530.0,92.34,10440.0,188.5,80.68,25090.0,205.0,36.794920326384904,61.87506300623911,0.008173,16.19,95,6627.0,21.28,3276.0,81.41,55.67,3351.0,98.62,36.79506687306777,61.87506590355189,0.02943,18.25,0.24891196824062412,128,20250.0,-0.231,-26.13,142.3,60.21,20270.0,154.5,36.794903074695135,61.875143430210244,0.007621,14.97,0.2910027318351043
232,46280.0,79.67,9011.0,215.1,89.1,37270.0,232.8,36.7940679961247,61.89143121368839,0.006248,15.76,96,7716.0,18.62,2867.0,87.84,70.07,4849.0,112.4,36.79421564543179,61.89143204269567,0.02317,17.85,0.2504483797414038,131,29310.0,-11.15,-1261.0,171.2,60.24,30570.0,181.5,36.79396300898952,61.89153019806643,0.005937,14.53,0.39835899563968
233,156900.0,158.1,17880.0,396.0,341.6,139000.0,523.0,36.79394899393001,61.87825725507393,0.003763,14.33,97,21760.0,30.79,4740.0,147.5,89.3,17020.0,172.4,36.79411219566907,61.87826062306609,0.01013,16.49,0.27719379214939177,132,116600.0,60.03,6789.0,341.5,256.5,109900.0,427.1,36.79391468920084,61.87833989634769,0.003888,13.14,0.3031497024513162
234,13460.0,77.74,8792.0,116.0,95.99,4671.0,150.6,36.79361414283986,61.89094890922991,0.03224,18.02,98,4569.0,18.58,2860.0,67.59,67.34,1708.0,95.41,36.79377072480994,61.890944925624304,0.05586,18.99,0.2659725583851044,133,509.7,-13.41,-1516.0,22.58,67.77,2026.0,71.43,36.793505549075626,61.8910485912235,0.03525,17.47,0.4033647777167475
237,37390.0,115.5,13060.0,193.4,208.1,24330.0,284.1,36.792731190039945,61.8785740390298,0.01167,16.22,99,7774.0,24.08,3706.0,88.17,83.51,4067.0,121.4,36.79288926593687,61.87857859765994,0.02986,18.04,0.26872950878534885,136,18630.0,23.68,2678.0,136.5,202.2,15960.0,244.0,36.79269670573974,61.87865488104911,0.01529,15.23,0.2968553169972822
238,322800.0,103.8,11740.0,568.1,134.8,311000.0,583.9,36.7926454081309,61.847946833597476,0.001877,13.46,100,168300.0,29.41,4528.0,410.2,86.15,163700.0,419.1,36.792786085373685,61.8479455691866,0.00256,14.03,0.238987474340516,138,103500.0,-5.018,-567.5,321.7,83.89,104000.0,332.4,36.79276677166527,61.84797830384985,0.003195,13.2,0.23522039332739103
240,16360.0,79.16,8953.0,127.9,69.37,7411.0,145.5,36.79167220677893,61.88650057540063,0.01964,17.52,101,6125.0,18.55,2855.0,78.26,53.02,3270.0,94.53,36.791833614047434,61.88650658804468,0.02891,18.28,0.2746640413677327,141,1320.0,-11.85,-1340.0,36.33,45.34,2660.0,58.1,36.791591076797786,61.886594863650075,0.02184,17.18,0.36627776929594474
242,27100.0,79.06,8942.0,164.6,63.19,18160.0,176.3,36.79138220508567,61.888251581761715,0.00971,16.54,102,8544.0,19.28,2968.0,92.43,57.0,5575.0,108.6,36.79153931378686,61.88825194942396,0.01948,17.7,0.26650581674659696,142,6451.0,-11.5,-1300.0,80.32,48.85,7751.0,94.01,36.79129635914988,61.88834415248323,0.01213,16.02,0.36368080608793013
244,46240.0,77.18,8729.0,215.0,112.8,37520.0,242.8,36.7910826312914,61.84486750597345,0.006473,15.75,104,18460.0,18.63,2867.0,135.9,65.32,15590.0,150.7,36.791221697382255,61.84486452739783,0.00967,16.59,0.23647450396896258,144,11250.0,-16.0,-1809.0,106.1,79.92,13060.0,132.8,36.791220836273716,61.84489031519124,0.01017,15.45,0.2487142508134198
245,20800.0,78.53,8881.0,144.2,110.5,11920.0,181.7,36.7910405879955,61.850041889478135,0.01525,17.0,103,7913.0,18.45,2841.0,88.96,70.5,5073.0,113.5,36.791186316825794,61.850036528074426,0.02238,17.8,0.24825890679556623,147,2993.0,-13.27,-1500.0,54.71,70.58,4493.0,89.3,36.791149544677495,61.850072401044514,0.01987,16.61,0.21519723990478998
251,27500.0,86.68,9803.0,165.8,67.38,17700.0,179.0,36.790272645500615,61.86282339971049,0.01011,16.57,105,5295.0,20.88,3215.0,72.77,48.73,2080.0,87.58,36.790409467727294,61.86283018463625,0.0421,18.77,0.23356418399268855,151,14700.0,-2.586,-292.5,121.2,49.7,14990.0,131.0,36.79031913334237,61.862875415939754,0.008741,15.3,0.20321042192770739
255,16190.0,90.46,10230.0,127.2,72.09,5960.0,146.2,36.789696920882434,61.871114499151425,0.02454,17.75,106,5673.0,20.22,3113.0,75.32,51.67,2560.0,91.34,36.78983952094914,61.87111393319824,0.03569,18.55,0.24203562198309767,155,2543.0,0.6225,70.4,50.42,51.45,2472.0,72.04,36.789707017483984,61.87118385377521,0.02914,17.26,0.25026402585463986
261,79050.0,133.0,15050.0,281.2,319.4,64000.0,425.5,36.78877530067683,61.87575660600442,0.006648,15.17,107,7178.0,25.07,3859.0,84.72,75.43,3318.0,113.4,36.78893045256963,61.87576406245273,0.03419,18.27,0.26465544149430903,161,111100.0,74.23,8395.0,333.3,541.3,102700.0,635.7,36.788760619703766,61.87582857076764,0.006192,13.21,0.2602682699739986
262,14960.0,80.81,9140.0,122.3,69.11,5816.0,140.5,36.78851142951724,61.885161948376705,0.02415,17.78,108,5090.0,19.04,2930.0,71.34,56.07,2160.0,90.74,36.788668452870475,61.885166739280955,0.04201,18.73,0.26694238040673807,162,947.0,-10.28,-1162.0,30.77,45.62,2109.0,55.03,36.78846388303683,61.88524738898543,0.02609,17.43,0.3179865329774641
263,1158000.0,323.2,36550.0,1076.0,970.8,1121000.0,1449.0,36.78850370938429,61.87690355509301,0.001292,12.07,109,146300.0,44.27,6815.0,382.5,131.7,139500.0,404.6,36.78866267809066,61.87690789236466,0.0029,14.21,0.27020911257283314,163,997100.0,259.2,29320.0,998.6,1194.0,967800.0,1556.0,36.7884861704975,61.87697672791158,0.001608,10.78,0.26509811411831224
265,36240.0,79.41,8981.0,190.4,103.1,27260.0,216.5,36.78840732879828,61.894312121910524,0.007943,16.1,110,12100.0,19.17,2951.0,110.0,75.69,9152.0,133.5,36.78857026701664,61.89431623442277,0.01459,17.16,0.2767326739622838,165,9686.0,-11.66,-1318.0,98.42,64.15,11000.0,117.5,36.7882932415816,61.89441028048206,0.01068,15.64,0.40287480971833084
266,53020.0,222.0,25110.0,230.3,1497.0,27910.0,1515.0,36.78835247359024,61.87600309800822,0.05427,16.08,111,9316.0,31.0,4772.0,96.52,178.0,4544.0,202.5,36.788507520709636,61.87600820962727,0.04456,17.92,0.2637534241446001,166,46870.0,234.9,26560.0,216.5,3077.0,20300.0,3085.0,36.78830957737341,61.8760743156262,0.1519,14.97,0.26651711390531596
269,39520.0,79.98,9045.0,198.8,75.0,30470.0,212.5,36.78831645669682,61.88932687005223,0.006973,15.98,112,4825.0,18.27,2812.0,69.46,54.44,2012.0,88.25,36.788485425979594,61.88932402153645,0.04385,18.81,0.2867948995476079,168,29380.0,-9.849,-1114.0,171.4,49.83,30500.0,178.5,36.788231193486226,61.88941260552267,0.005854,14.53,0.3408520659077093
275,87570.0,87.35,9879.0,295.9,85.17,77690.0,307.9,36.7871882015784,61.890710851292205,0.003964,14.96,113,11830.0,20.6,3171.0,108.8,63.27,8656.0,125.8,36.78734216292141,61.89071293383242,0.01453,17.22,0.2612502898841305,176,75040.0,-4.032,-456.0,273.9,67.95,75500.0,282.2,36.787100185084384,61.890798536118794,0.003738,13.55,0.34918766253630484
276,187700.0,108.0,12210.0,433.2,139.6,175500.0,455.2,36.787155067789676,61.8712388424766,0.002594,14.08,114,89070.0,26.26,4042.0,298.4,66.87,85030.0,305.8,36.78730894646636,61.87124218524715,0.003597,14.74,0.261445618069398,175,63750.0,11.71,1325.0,252.5,109.4,62430.0,275.2,36.787167214709164,61.87130160926035,0.004408,13.75,0.2268989616445362
278,1580000.0,460.5,52090.0,1257.0,1318.0,1528000.0,1822.0,36.78699093243456,61.876223658050016,0.001192,11.73,115,70030.0,42.13,6486.0,264.6,105.8,63540.0,285.0,36.78719273968329,61.876195450461246,0.004485,15.06,0.3571975324637375,173,2713000.0,829.1,93770.0,1647.0,3851.0,2619000.0,4188.0,36.787093737496114,61.876225142936605,0.001599,9.695,0.17453799803189052
282,28920.0,81.63,9232.0,170.0,82.78,19680.0,189.1,36.785864175585694,61.86940558641004,0.009608,16.45,116,5626.0,17.77,2735.0,75.01,59.58,2891.0,95.79,36.786005884633155,61.86940546607287,0.03313,18.42,0.24052857671178185,182,11960.0,-4.122,-466.1,109.4,49.68,12430.0,120.1,36.7858903996756,61.869463266846644,0.009666,15.5,0.21236662514172883
288,30580.0,90.13,10190.0,174.9,68.44,20380.0,187.8,36.78527229594212,61.86357616682076,0.009212,16.42,117,9098.0,21.81,3358.0,95.38,47.95,5740.0,106.8,36.78541580732285,61.8635776369738,0.0186,17.67,0.24369118270716525,187,8903.0,-0.9051,-102.4,94.35,46.57,9005.0,105.2,36.785322855200185,61.86362523061498,0.01168,15.85,0.19638034917989078
289,45100.0,86.8,9817.0,212.4,78.69,35280.0,226.5,36.78513509216969,61.86800698750845,0.006419,15.82,118,10910.0,20.82,3205.0,104.5,49.63,7705.0,115.6,36.7852864708099,61.86801062201236,0.01501,17.35,0.2572853850223301,188,19700.0,-3.194,-361.2,140.4,49.9,20070.0,149.0,36.78516476436795,61.868060811038326,0.007425,14.98,0.20020363900561702
296,111200.0,147.8,16710.0,333.4,252.2,94450.0,418.0,36.78415824167595,61.87444721527308,0.004426,14.75,119,10160.0,27.83,4284.0,100.8,68.54,5874.0,121.9,36.784320398070776,61.87445109513872,0.02075,17.65,0.2755431732937918,194,136300.0,63.94,7232.0,369.1,414.9,129000.0,555.4,36.78416067294265,61.87451034909155,0.004304,12.96,0.22731919443594834
299,22610.0,96.63,10930.0,150.4,79.76,11680.0,170.2,36.7833334203008,61.87944997272917,0.01457,17.02,120,5111.0,21.48,3307.0,71.49,57.28,1803.0,91.61,36.783491819627116,61.879459644497395,0.0508,18.93,0.27101496258567326,197,9381.0,9.845,1113.0,96.85,81.45,8267.0,126.5,36.78330979877157,61.87951764381675,0.01531,15.95,0.24689099485257132
302,25680.0,131.9,14910.0,160.3,186.1,10770.0,245.6,36.7827172714713,61.87406706956459,0.0228,17.11,121,5830.0,28.23,4345.0,76.35,72.35,1484.0,105.2,36.7828834703462,61.8740719975742,0.07086,19.14,0.282610144952956,200,13290.0,42.2,4773.0,115.3,132.1,8521.0,175.3,36.782710598861335,61.87412593967772,0.02058,15.91,0.21223472127412452
303,14690.0,76.12,8609.0,121.2,83.93,6077.0,147.4,36.78270255134621,61.89461099453481,0.02426,17.73,122,4817.0,18.86,2904.0,69.4,70.8,1913.0,99.14,36.78285924703052,61.89460677749362,0.05183,18.86,0.2661800052383541,201,1184.0,-12.69,-1436.0,34.41,56.64,2620.0,66.28,36.782599110675854,61.89469658479209,0.0253,17.19,0.3545649879802031
306,85210.0,83.04,9391.0,291.9,78.45,75820.0,302.3,36.781949366133475,61.89211325086229,0.003987,14.99,123,19280.0,19.45,2994.0,138.8,54.28,16280.0,149.1,36.78211990032612,61.89211617174638,0.009155,16.54,0.28943067437938147,205,45300.0,-7.653,-865.5,212.8,54.66,46160.0,219.7,36.78186767737339,61.89219451086292,0.00476,14.08,0.32368742303439835
308,49940.0,151.9,17180.0,223.5,559.0,32760.0,602.0,36.781730509576,61.87485699698134,0.01838,15.9,124,8211.0,32.49,5001.0,90.62,197.0,3210.0,216.8,36.78187011152691,61.874860633317155,0.06756,18.3,0.23727094791941794,207,31940.0,60.61,6855.0,178.7,598.3,25090.0,624.4,36.7817308419762,61.87491633861685,0.02489,14.74,0.2136306325758996
309,97340.0,125.0,14140.0,312.0,265.6,83200.0,409.7,36.781559894056805,61.875443093806275,0.004925,14.89,125,12220.0,25.9,3987.0,110.5,100.3,8228.0,149.3,36.78172354018725,61.875446825116974,0.01814,17.28,0.27803275185213444,208,83200.0,38.59,4365.0,288.4,225.1,78840.0,365.9,36.78155967585945,61.875503520630716,0.004641,13.5,0.21753688312801675
310,30000.0,77.46,8761.0,173.2,88.46,21230.0,194.5,36.78153628016178,61.8957930572448,0.009158,16.37,126,8308.0,18.41,2834.0,91.15,64.53,5474.0,111.7,36.781694894515276,61.895800027748436,0.0204,17.72,0.2701581872126608,209,8651.0,-12.06,-1364.0,93.01,57.23,10020.0,109.2,36.78142883337063,61.89588379700244,0.0109,15.74,0.37404749302791934
312,71870.0,88.67,10030.0,268.1,69.37,61840.0,276.9,36.78137873163241,61.86905342153206,0.004478,15.21,127,13300.0,20.16,3104.0,115.3,54.57,10190.0,127.6,36.781538432423446,61.86905858410091,0.01251,17.05,0.27170573447539603,211,37160.0,-2.333,-263.8,192.8,50.57,37420.0,199.3,36.781411932499424,61.86910525839324,0.005326,14.31,0.19493598842211463
313,21110.0,108.0,12210.0,145.3,164.8,8896.0,219.7,36.78119447438908,61.873054861905125,0.0247,17.32,128,6989.0,23.34,3592.0,83.6,67.15,3397.0,107.2,36.78134736086907,61.87306107125746,0.03157,18.24,0.2604302500004832,212,5308.0,24.86,2811.0,72.86,213.4,2496.0,225.5,36.78120137181256,61.873114372339536,0.09034,17.25,0.21455712715419847
318,424600.0,163.8,18530.0,651.6,411.0,406000.0,770.4,36.78093443450634,61.874428753305416,0.001897,13.17,129,77060.0,32.65,5026.0,277.6,96.73,72030.0,294.0,36.78109895087739,61.87443205148785,0.004081,14.92,0.2794464830642687,217,303100.0,79.06,8941.0,550.5,441.0,294100.0,705.4,36.780942341718855,61.87448750693903,0.002398,12.07,0.2119383236081015
320,51220.0,135.0,15260.0,226.3,351.5,35960.0,418.1,36.78077056122351,61.87530824927026,0.01163,15.8,130,9031.0,27.71,4265.0,95.03,108.9,4766.0,144.5,36.78093548805379,61.87530959009381,0.03033,17.87,0.27992428811424375,220,36720.0,39.67,4487.0,191.6,353.4,32240.0,402.0,36.78077141266533,61.875366994127255,0.01247,14.47,0.21148642111495142
321,28820.0,79.35,8974.0,169.8,89.97,19850.0,192.1,36.78079137085175,61.89739316685651,0.009681,16.45,131,7333.0,18.44,2838.0,85.63,71.79,4495.0,111.7,36.780945026753635,61.89739857834277,0.02486,17.94,0.26129494415159754,219,9339.0,-11.16,-1262.0,96.64,58.2,10600.0,112.8,36.7806783516106,61.8974850573001,0.01064,15.68,0.38231463575288704
323,33180.0,85.05,9619.0,182.1,70.75,23560.0,195.4,36.78063141848361,61.854932971651984,0.008295,16.26,132,10140.0,20.5,3156.0,100.7,43.09,6981.0,109.5,36.78078244301381,61.854931696362335,0.01569,17.46,0.2565019088920104,222,9454.0,-9.586,-1084.0,97.23,43.28,10540.0,106.4,36.78073735723671,61.85495457719857,0.0101,15.68,0.19599310088079164
325,23920.0,80.57,9112.0,154.7,97.15,14810.0,182.6,36.78025237596064,61.89281781977338,0.01233,16.76,133,8699.0,18.0,2771.0,93.27,69.8,5927.0,116.5,36.78040757643087,61.892819918158544,0.01965,17.64,0.2633347006707554,224,4629.0,-11.49,-1299.0,68.03,49.82,5928.0,84.33,36.78014291704246,61.89289922008957,0.01423,16.31,0.346897318523287
326,23800.0,80.31,9082.0,154.3,99.19,14710.0,183.4,36.780063163400435,61.8926273835955,0.01246,16.77,134,8120.0,18.46,2842.0,90.11,71.74,5278.0,115.2,36.78021864720315,61.89266359905455,0.02182,17.76,0.2941766678401898,225,5557.0,-11.57,-1308.0,74.55,59.53,6866.0,95.4,36.77996676795621,61.892705335790104,0.01389,16.15,0.3247790982389724
327,67640.0,109.9,12430.0,260.1,128.8,55210.0,290.2,36.779940774176865,61.87786764826789,0.005257,15.33,135,9145.0,22.03,3391.0,95.63,60.92,5754.0,113.4,36.78009612615675,61.877873699291555,0.0197,17.67,0.26451050709930124,227,52940.0,32.02,3622.0,230.1,174.7,49320.0,288.9,36.7799274685918,61.87792953193917,0.005858,14.01,0.2239223710919773
328,102800.0,92.07,10410.0,320.7,88.11,92430.0,332.6,36.779851933229175,61.8581121723567,0.003598,14.78,136,14150.0,21.31,3281.0,118.9,59.54,10860.0,133.0,36.77999868916463,61.85811335552724,0.01224,16.98,0.2492226884576153,229,86010.0,0.3118,35.26,293.3,62.88,85970.0,299.9,36.77993999847823,61.858142077957154,0.003489,13.4,0.18425632741226433
331,165800.0,118.8,13440.0,407.1,118.8,152300.0,424.1,36.77941355390029,61.87605140611761,0.002784,14.23,137,10260.0,21.41,3296.0,101.3,64.56,6965.0,120.1,36.77956868507972,61.8760591976724,0.01725,17.46,0.2647430474863034,231,225900.0,40.54,4586.0,475.3,126.7,221400.0,491.9,36.779418492679625,61.876106830997784,0.002222,12.38,0.19970550599662268
333,85090.0,100.5,11370.0,291.7,82.07,73720.0,303.0,36.77909879381955,61.880531883425576,0.004111,15.02,138,21130.0,25.0,3848.0,145.4,53.14,17280.0,154.8,36.77926113649014,61.880536414947194,0.008956,16.47,0.27593297092524055,233,37220.0,6.406,724.5,192.9,60.61,36490.0,202.2,36.77907506633969,61.880596646757525,0.005541,14.33,0.23659832119377153
336,37780.0,95.16,10760.0,194.4,77.37,27020.0,209.2,36.77865896321894,61.88206013493335,0.007743,16.11,139,5220.0,22.22,3420.0,72.25,54.03,1800.0,90.22,36.77881174286036,61.88206866164607,0.05012,18.93,0.2610227710515099,236,30950.0,3.262,368.9,175.9,52.88,30580.0,183.7,36.778625998750364,61.88212355918663,0.006007,14.53,0.23507738839734313
342,80120.0,84.06,9507.0,283.0,92.93,70610.0,297.9,36.77829911583925,61.890536417251795,0.004219,15.07,140,11190.0,18.55,2856.0,105.8,60.2,8334.0,121.7,36.77846322860765,61.89054313129091,0.0146,17.27,0.2794100834726268,238,69870.0,-4.763,-538.7,264.3,65.61,70400.0,272.3,36.77822398824932,61.89061180327203,0.003868,13.62,0.2998173681480232
343,44730.0,90.68,10260.0,211.5,101.4,34470.0,234.5,36.77822967374227,61.85856518488493,0.006804,15.85,141,8411.0,20.96,3227.0,91.71,67.01,5184.0,113.6,36.77838110119591,61.858569307169034,0.02191,17.78,0.2575424642556449,239,20740.0,-4.679,-529.2,144.0,69.66,21270.0,160.0,36.77831724304278,61.85859358737601,0.007522,14.92,0.18045151732526504
348,30850.0,89.97,10180.0,175.6,137.2,20680.0,222.9,36.77734876649142,61.85823854193284,0.01078,16.4,142,6986.0,22.21,3418.0,83.58,72.2,3567.0,110.4,36.777499632745354,61.8582398515693,0.03096,18.19,0.2562077863361026,244,13380.0,-5.186,-586.5,115.7,97.57,13970.0,151.3,36.77744193049563,61.858265344053976,0.01084,15.38,0.1852928342221253
349,96000.0,116.6,13190.0,309.8,113.2,82810.0,329.9,36.777289785891675,61.878854973993526,0.003983,14.89,143,14930.0,26.38,4061.0,122.2,62.48,10870.0,137.2,36.77744726183069,61.878860629999146,0.01263,16.98,0.2679821236508309,245,59320.0,27.34,3092.0,243.6,143.7,56220.0,282.8,36.77726784741853,61.878912350579235,0.005029,13.87,0.20988329531303945
350,50540.0,85.23,9639.0,224.8,76.11,40900.0,237.3,36.77725475923368,61.855117036819834,0.005803,15.66,144,10420.0,21.0,3233.0,102.1,51.72,7185.0,114.4,36.77740052079789,61.85512007616224,0.01593,17.43,0.24776377874550182,246,22230.0,-8.5,-961.3,149.1,45.08,23190.0,155.8,36.777362656804925,61.85513805135228,0.006716,14.83,0.1982279461983327
351,22830.0,84.17,9520.0,151.1,104.3,13310.0,183.6,36.777178533061274,61.85779598934362,0.0138,16.88,145,5152.0,20.72,3189.0,71.78,60.6,1963.0,93.94,36.77732878445686,61.85779449813012,0.04786,18.84,0.2551805707464459,247,6902.0,-7.314,-827.2,83.08,76.59,7730.0,113.0,36.77726905006411,61.85782378221869,0.01462,16.02,0.18339403547754718
354,16960.0,75.31,8518.0,130.2,77.77,8447.0,151.7,36.77667719972244,61.866108470845724,0.01796,17.37,147,6732.0,19.37,2982.0,82.05,56.62,3750.0,99.69,36.77683451447841,61.866109585971,0.02658,18.13,0.2670752596054077,251,1765.0,-13.43,-1519.0,42.01,60.84,3284.0,73.94,36.7767224485748,61.86614739642771,0.02252,16.95,0.15980271274745475
355,79180.0,88.06,9959.0,281.4,135.1,69220.0,312.2,36.776480052345775,61.88738606879184,0.00451,15.09,148,35860.0,22.03,3391.0,189.4,92.9,32460.0,210.9,36.776639736453674,61.88739151114913,0.006497,15.79,0.2715864451342814,252,22850.0,-6.502,-735.3,151.2,81.29,23580.0,171.6,36.77642368792246,61.887453088974034,0.007277,14.81,0.2595272307979044
356,47550.0,86.38,9769.0,218.1,114.7,37780.0,246.4,36.77647736100079,61.88666052934524,0.006521,15.75,149,8970.0,20.49,3154.0,94.71,89.57,5816.0,130.4,36.77664464942304,61.886663557948275,0.02241,17.66,0.28399443475430386,253,22520.0,-5.292,-598.5,150.1,63.55,23120.0,163.0,36.77642714737807,61.88672750686994,0.007049,14.83,0.25572306371914705
358,23900.0,78.24,8849.0,154.6,77.29,15050.0,172.8,36.776404920026714,61.891848702634526,0.01148,16.75,150,9018.0,19.02,2928.0,94.96,58.68,6090.0,111.6,36.776572966068294,61.891854000368,0.01833,17.61,0.28565931994448107,255,4345.0,-12.53,-1417.0,65.92,49.18,5762.0,82.24,36.77632430931877,61.89192252720862,0.01427,16.34,0.2988747497749871
362,78790.0,109.1,12340.0,280.7,159.2,66460.0,322.7,36.775662906647916,61.87972777189237,0.004856,15.13,151,8804.0,24.95,3841.0,93.83,62.94,4963.0,113.0,36.77583788303899,61.879726361971336,0.02276,17.83,0.2969374290746967,259,90450.0,18.42,2084.0,300.7,99.51,88360.0,316.8,36.775649298859186,61.879783631574895,0.003585,13.37,0.20241604044444744
363,89700.0,122.3,13830.0,299.5,162.4,75870.0,340.7,36.77559080841883,61.8760300486134,0.00449,14.99,152,9237.0,23.03,3546.0,96.11,55.52,5691.0,111.0,36.77570194823894,61.87600603046983,0.0195,17.68,0.2074768491117816,260,92670.0,50.3,5689.0,304.4,176.8,86980.0,352.0,36.77557849198243,61.87606981418617,0.004047,13.39,0.14467375077032324
365,93710.0,98.23,11110.0,306.1,195.3,82600.0,363.1,36.77544048589599,61.88726085503724,0.004396,14.9,153,28140.0,24.73,3808.0,167.8,120.8,24330.0,206.7,36.77560800283541,61.887265904612796,0.008496,16.1,0.2847479911298637,261,36480.0,1.035,117.0,191.0,134.1,36360.0,233.4,36.775389682688285,61.88732758521467,0.006419,14.34,0.25521905945199097
371,39530.0,92.61,10470.0,198.8,82.15,29050.0,215.1,36.77447616190307,61.873448143294205,0.007404,16.03,155,7198.0,20.47,3152.0,84.84,54.79,4047.0,101.0,36.774629054039565,61.873458488670195,0.02496,18.05,0.2621345830754523,268,20840.0,13.42,1518.0,144.4,70.42,19320.0,160.6,36.77449338112354,61.87349591978398,0.008313,15.02,0.1744602718142591
374,25250.0,82.37,9316.0,158.9,120.0,15930.0,199.1,36.77409586557748,61.88781255180754,0.0125,16.68,156,7959.0,20.4,3140.0,89.21,77.2,4819.0,118.0,36.77426289123828,61.88781814120339,0.02448,17.86,0.28404226874642247,271,6543.0,-9.39,-1062.0,80.89,83.7,7605.0,116.4,36.77404158532724,61.88787678754469,0.01531,16.04,0.2489056413598894
376,173000.0,96.23,10880.0,415.9,122.9,162100.0,433.7,36.77402023713675,61.887115148204174,0.002675,14.17,157,28310.0,20.82,3206.0,168.3,76.21,25100.0,184.7,36.7741848173089,61.88712041575415,0.007358,16.07,0.2798299598368808,272,154000.0,5.245,593.2,392.4,98.68,153400.0,404.6,36.77397033359715,61.88717871561768,0.002638,12.78,0.24399855941865362
377,260800.0,98.99,11200.0,510.7,119.3,249600.0,524.4,36.773933928452756,61.86960313931563,0.002101,13.7,158,131200.0,28.18,4339.0,362.2,71.73,126900.0,369.3,36.774090976938915,61.86960670106968,0.00291,14.31,0.26687088158344113,273,81080.0,-2.442,-276.1,284.7,60.71,81350.0,291.1,36.7739711660473,61.86964419131391,0.003579,13.46,0.16073532185852404
380,27940.0,82.58,9340.0,167.2,130.3,18600.0,212.0,36.77328283285432,61.895011683294484,0.0114,16.52,159,9247.0,20.28,3122.0,96.16,97.76,6126.0,137.1,36.773450661229795,61.89501819625799,0.02239,17.6,0.28558745241906086,277,7186.0,-11.16,-1262.0,84.77,85.1,8448.0,120.1,36.77319036368478,61.89508607895317,0.01422,15.92,0.31035853958654713
385,20400.0,79.39,8979.0,142.8,136.0,11420.0,197.2,36.77246498330044,61.89558419199914,0.01727,17.05,160,5736.0,19.57,3012.0,75.74,100.5,2724.0,125.8,36.77261999117018,61.89558492833301,0.0462,18.48,0.26288927289588915,283,5337.0,-12.42,-1405.0,73.05,74.99,6742.0,104.7,36.77236823959293,61.8956547000279,0.01553,16.17,0.302236412236781
389,44840.0,85.03,9617.0,211.8,120.9,35230.0,243.8,36.77215531135301,61.894961512278385,0.006922,15.82,161,13930.0,21.23,3268.0,118.0,99.81,10660.0,154.6,36.77232477076146,61.89496806706697,0.0145,17.0,0.2883570558086361,289,13790.0,-9.125,-1032.0,117.4,85.7,14820.0,145.4,36.77206683531375,61.89503708131983,0.009809,15.31,0.3106845651452185
390,92050.0,85.74,9697.0,303.4,96.52,82350.0,318.4,36.77188221555843,61.89414548015457,0.003866,14.9,162,28470.0,19.54,3008.0,168.7,73.98,25470.0,184.2,36.772050327510804,61.894151547597204,0.007235,16.05,0.2859478150020305,290,33030.0,-8.467,-957.6,181.7,66.92,33990.0,193.7,36.77180127810598,61.89421712868076,0.005698,14.41,0.29218584076150667
402,15520.0,79.1,8946.0,124.6,82.14,6576.0,149.2,36.76991238909813,61.87199112752944,0.02269,17.64,163,5666.0,19.51,3004.0,75.27,57.59,2662.0,94.78,36.77007250486999,61.871999735983024,0.0356,18.5,0.27350903104060176,302,1397.0,-9.252,-1046.0,37.38,61.72,2443.0,72.15,36.769934722802475,61.872018205105526,0.02953,17.27,0.10458953166123955
406,47820.0,80.88,9147.0,218.7,79.4,38670.0,232.6,36.76899510608318,61.88605321214185,0.006016,15.72,164,7160.0,18.99,2924.0,84.62,58.43,4237.0,102.8,36.769155646364005,61.88606104396136,0.02427,18.0,0.27379856637401123,306,27720.0,-9.163,-1036.0,166.5,44.99,28760.0,172.5,36.76895700115241,61.88610974294297,0.005997,14.59,0.21353040775105878
409,16540.0,78.93,8927.0,128.6,78.97,7610.0,150.9,36.76889999582298,61.86848521172722,0.01983,17.49,165,4866.0,19.81,3050.0,69.76,50.89,1816.0,86.35,36.76905311544288,61.8684941559173,0.04754,18.92,0.2618905123273074,309,2835.0,-10.91,-1234.0,53.25,52.59,4070.0,74.84,36.76895779647149,61.86851785824017,0.01839,16.72,0.15309572696878687
410,42270.0,82.73,9357.0,205.6,74.6,32910.0,218.7,36.76856550859922,61.8614649087123,0.006646,15.9,166,4345.0,18.75,2886.0,65.92,45.73,1459.0,80.22,36.768721761780036,61.861472132768355,0.05498,19.16,0.26655492518310403,311,39410.0,-9.208,-1041.0,198.5,50.6,40450.0,204.9,36.768652387787306,61.861483394410484,0.005065,14.22,0.16181907055365707
413,202900.0,88.78,10040.0,450.4,92.68,192900.0,459.9,36.768101536816054,61.85390750448947,0.002384,13.98,167,57120.0,21.64,3332.0,239.0,52.36,53790.0,244.7,36.76824586323529,61.85390815409465,0.004549,15.24,0.24510583612247142,313,85140.0,-9.951,-1125.0,291.8,59.55,86260.0,297.8,36.76822423126988,61.85391241290184,0.003452,13.4,0.2091072658037225
427,153400.0,99.06,11200.0,391.7,117.2,142200.0,408.8,36.765565272277534,61.8615702529464,0.002875,14.31,168,11020.0,19.98,3075.0,105.0,52.48,7949.0,117.4,36.7657220491857,61.861572608272574,0.01477,17.32,0.2663065173559281,326,209700.0,14.43,1632.0,458.0,164.7,208100.0,486.7,36.76565665323667,61.86158453446404,0.002339,12.44,0.16344116721482307
429,18630.0,77.48,8762.0,136.5,110.7,9871.0,175.7,36.764899437330435,61.84517625458299,0.0178,17.2,169,6966.0,18.85,2902.0,83.46,70.28,4064.0,109.1,36.765046420905406,61.84517285787729,0.02685,18.05,0.2499774277583389,329,1745.0,-18.23,-2062.0,41.77,77.09,3806.0,87.68,36.76507419450219,61.845155948152545,0.02303,16.79,0.3057253409375743
431,17930.0,77.39,8753.0,133.9,80.04,9177.0,156.0,36.76468516047021,61.86811047415807,0.017,17.28,170,6984.0,19.29,2970.0,83.57,51.08,4015.0,97.95,36.764833930147645,61.868116866094,0.0244,18.06,0.2535693737651771,331,2051.0,-13.15,-1487.0,45.29,56.92,3538.0,72.74,36.76473827335526,61.868135701829395,0.02056,16.87,0.12796875241560063
435,23510.0,73.72,8338.0,153.3,109.9,15170.0,188.7,36.76429477895726,61.84481647626185,0.01244,16.74,171,8347.0,18.52,2850.0,91.36,79.17,5497.0,120.9,36.764448923190436,61.8448135712221,0.02199,17.72,0.2620536760516054,335,3397.0,-18.74,-2120.0,58.28,81.88,5516.0,100.5,36.76447382133005,61.84479669672089,0.01822,16.39,0.31236383653445543
437,127400.0,115.3,13040.0,356.9,138.3,114400.0,382.8,36.7638791764066,61.87545775590234,0.003347,14.54,172,8875.0,21.17,3258.0,94.21,55.79,5617.0,109.5,36.76402092369834,61.875461475410624,0.01949,17.69,0.24091795130097987,337,158200.0,37.18,4205.0,397.7,162.3,154000.0,429.6,36.76390445860805,61.87549138567186,0.00279,12.77,0.1284445726551708
438,22950.0,83.8,9478.0,151.5,73.76,13480.0,168.5,36.763719833397865,61.86036555660904,0.0125,16.87,173,8398.0,19.43,2991.0,91.64,48.43,5407.0,103.7,36.763870942250286,61.86037441226263,0.01917,17.74,0.25853164895884784,338,3927.0,-10.49,-1187.0,62.66,48.85,5113.0,79.45,36.763813134126785,61.86037005335075,0.01554,16.47,0.1592346282771318
439,24500.0,79.8,9026.0,156.5,84.94,15470.0,178.1,36.763667714416,61.87359947618294,0.01151,16.72,174,4728.0,18.7,2878.0,68.76,56.83,1850.0,89.2,36.76384249398396,61.873602904324,0.04822,18.9,0.296876040761026,339,11200.0,-3.307,-374.0,105.8,71.89,11570.0,127.9,36.763695239975064,61.873630311938136,0.01105,15.58,0.12043716777213909
445,17310.0,71.22,8054.0,131.6,70.33,9260.0,149.2,36.7621864457086,61.85290937194879,0.01611,17.27,175,4108.0,16.59,2554.0,64.09,45.49,1554.0,78.6,36.76233037811672,61.85291275763227,0.05056,19.09,0.24473721411040447,345,3546.0,-19.52,-2208.0,59.55,46.15,5754.0,75.34,36.76233191048991,61.852900354158365,0.01309,16.34,0.24915991389775835
456,85340.0,81.83,9254.0,292.1,71.68,76090.0,300.8,36.759899971599715,61.88522523916045,0.003953,14.99,177,24780.0,20.29,3124.0,157.4,51.08,21650.0,165.5,36.760064002158,61.88523040235393,0.007643,16.23,0.27889161937456525,357,32290.0,-10.01,-1132.0,179.7,47.09,33420.0,185.8,36.75987945223904,61.885266162787595,0.005558,14.43,0.15138173119687395
457,65780.0,83.79,9477.0,256.5,81.54,56310.0,269.1,36.7599338110938,61.87566626635039,0.00478,15.31,176,13420.0,20.23,3114.0,115.8,57.83,10300.0,129.5,36.760092925727214,61.8756701344113,0.01257,17.04,0.27037496237221637,355,35650.0,-4.185,-473.3,188.8,60.89,36130.0,198.4,36.75995903052687,61.87569541971776,0.005492,14.35,0.11334259183685676
461,28560.0,77.69,8787.0,169.0,66.74,19780.0,181.7,36.75907693200594,61.891736153945736,0.009188,16.45,178,5550.0,18.86,2903.0,74.5,55.62,2646.0,92.97,36.75922728356031,61.89175025807716,0.03513,18.51,0.26001705020766436,360,15020.0,-11.81,-1336.0,122.5,49.59,16350.0,132.2,36.75902187125641,61.89178454559701,0.008084,15.21,0.19766263673681633
468,48750.0,82.75,9359.0,220.8,69.9,39390.0,231.6,36.75788519297658,61.8730643473654,0.005879,15.7,179,8119.0,19.7,3032.0,90.11,46.51,5087.0,101.4,36.75804759648901,61.87307215703244,0.01993,17.8,0.27705095290480514,365,29500.0,-7.528,-851.4,171.7,45.65,30350.0,177.7,36.75792478787713,61.873084379356605,0.005856,14.53,0.09857055290585026
472,119800.0,86.29,9759.0,346.1,103.4,110000.0,361.2,36.757446710629765,61.86012015006187,0.003283,14.59,180,15660.0,19.4,2986.0,125.1,55.29,12670.0,136.8,36.75759449639105,61.860125235732234,0.0108,16.81,0.25158549271634323,370,107500.0,-6.066,-686.0,327.9,85.91,108200.0,339.0,36.75755524921307,61.86012060906749,0.003133,13.15,0.1842899367468057
477,61400.0,84.69,9578.0,247.8,104.0,51820.0,268.7,36.75644750239861,61.87210540371719,0.005186,15.4,181,9601.0,20.15,3103.0,97.98,51.82,6498.0,110.8,36.756606599337445,61.872116554206045,0.01706,17.54,0.2729849714646235,374,37030.0,-6.037,-682.8,192.4,69.74,37710.0,204.7,36.75649759302329,61.872122670094775,0.005427,14.3,0.10531373629521738
479,68070.0,78.93,8927.0,260.9,81.64,59140.0,273.4,36.755662817449945,61.88516214933732,0.004622,15.26,182,27880.0,20.86,3211.0,167.0,56.72,24670.0,176.3,36.75582409930051,61.885168597143874,0.007148,16.09,0.27459185869753255,376,18530.0,-12.79,-1446.0,136.1,47.52,19980.0,144.2,36.75564384160577,61.885195217160394,0.007217,14.99,0.12332002004597295
480,29300.0,83.25,9416.0,171.2,88.06,19880.0,192.5,36.75551030087991,61.875014596610676,0.009682,16.44,183,7025.0,19.96,3072.0,83.81,56.95,3953.0,101.3,36.755659132858796,61.875023045300075,0.02564,18.08,0.25439666477125306,377,10750.0,-5.959,-674.0,103.7,61.99,11420.0,120.8,36.7555466417424,61.875036028622304,0.01057,15.6,0.09877396073447715
481,29170.0,75.6,8550.0,170.8,72.01,20620.0,185.4,36.755444122793506,61.866301991946855,0.008988,16.4,184,5635.0,19.26,2964.0,75.06,47.3,2670.0,88.72,36.755597639111855,61.86631407004796,0.03323,18.5,0.26419804888470716,378,13780.0,-14.29,-1616.0,117.4,47.4,15390.0,126.6,36.755522532114995,61.866310002362916,0.008223,15.27,0.13618873954388586
482,59550.0,86.79,9815.0,244.0,70.66,49740.0,254.1,36.7549127772904,61.87330967760624,0.005108,15.45,185,10130.0,20.52,3159.0,100.6,53.96,6967.0,114.2,36.755070695357794,61.873316601560596,0.01639,17.46,0.2691628342775388,379,32400.0,-2.517,-284.6,180.0,57.66,32690.0,189.0,36.754957889808274,61.87332656519794,0.005783,14.45,0.09776361011573592
484,64260.0,95.51,10800.0,253.5,116.2,53460.0,278.9,36.754684412338285,61.87436010710692,0.005216,15.37,186,11170.0,21.74,3347.0,105.7,54.46,7824.0,118.9,36.75483908838674,61.87436538569335,0.0152,17.33,0.26318202991622947,380,45360.0,6.084,688.1,213.0,125.8,44670.0,247.4,36.75472604692708,61.87437812552431,0.005537,14.11,0.09591653819929978
486,15130.0,81.16,9179.0,123.0,82.23,5954.0,148.0,36.753568225828154,61.87303377970268,0.02485,17.75,187,5534.0,20.42,3144.0,74.39,59.09,2390.0,95.01,36.75371372899531,61.87304665898001,0.03975,18.62,0.25125388446493274,382,1201.0,-7.501,-848.4,34.65,73.71,2049.0,81.45,36.75360842100964,61.873053007865714,0.03975,17.46,0.09718601148539899
488,33640.0,76.27,8626.0,183.4,74.87,25010.0,198.1,36.75333697216299,61.867545849997896,0.00792,16.19,188,12510.0,19.25,2963.0,111.9,45.1,9550.0,120.6,36.75348639443291,61.86755004241168,0.01263,17.12,0.2540841653887801,384,7025.0,-14.71,-1664.0,83.82,57.92,8689.0,101.9,36.75340959672066,61.86755049533162,0.01173,15.89,0.12440504963101878
492,80900.0,76.63,8667.0,284.4,93.65,72230.0,299.4,36.75187643751239,61.86697711293119,0.004146,15.04,189,11940.0,18.25,2809.0,109.3,55.23,9131.0,122.4,36.75203177934057,61.866982711972845,0.01341,17.17,0.2644577738002217,388,59790.0,-11.77,-1331.0,244.5,51.31,61120.0,249.8,36.75195835559952,61.86698014836441,0.004088,13.77,0.1394824295295611
494,21490.0,75.56,8545.0,146.6,67.06,12940.0,161.2,36.751614914059246,61.8781947707961,0.01245,16.91,190,9538.0,20.43,3145.0,97.66,61.3,6393.0,115.3,36.75176480588109,61.8782016465537,0.01804,17.55,0.25554571932852926,391,3451.0,-11.22,-1269.0,58.75,56.1,4720.0,81.23,36.75163716687779,61.8782150401251,0.01721,16.56,0.08216054969310999
502,15950.0,74.61,8438.0,126.3,81.28,7509.0,150.2,36.74826963689819,61.881584857205056,0.02,17.5,191,5217.0,18.61,2865.0,72.23,50.92,2351.0,88.37,36.74840746603097,61.88158839185539,0.03758,18.64,0.2341955729614757,399,1772.0,-12.44,-1407.0,42.1,56.02,3179.0,70.08,36.74828201271285,61.8816015628724,0.02205,16.98,0.0637006012537342
504,85530.0,83.76,9473.0,292.5,81.27,76060.0,303.5,36.74819957560743,61.87469137624887,0.003991,14.99,193,39220.0,23.46,3611.0,198.0,61.49,35610.0,207.4,36.748362152493975,61.87469807056072,0.005823,15.69,0.2769508503170927,400,26320.0,-9.682,-1095.0,162.2,52.45,27420.0,170.5,36.74824839286111,61.874699373809165,0.006219,14.64,0.0877054269342011
506,26510.0,77.31,8743.0,162.8,87.03,17770.0,184.6,36.74809537320097,61.86437241184535,0.01039,16.57,194,9635.0,19.33,2976.0,98.16,49.72,6659.0,110.0,36.74824574226832,61.86437904340828,0.01652,17.51,0.25638301711133826,402,4796.0,-15.2,-1720.0,69.25,53.01,6515.0,87.21,36.74818908007773,61.864364361948724,0.01339,16.21,0.16169651351310482
507,19660.0,76.82,8689.0,140.2,76.7,10980.0,159.8,36.747961202019965,61.88503183378201,0.01456,17.09,195,7448.0,20.51,3157.0,86.3,52.68,4291.0,101.1,36.74812165970244,61.88504118804732,0.02356,17.99,0.27428705827849,403,2766.0,-12.38,-1401.0,52.6,58.15,4167.0,78.41,36.74795772373248,61.88505710896779,0.01882,16.69,0.09118180434991006
511,14450.0,74.72,8451.0,120.2,71.95,6000.0,140.1,36.74683960937355,61.88356019222201,0.02335,17.74,196,5441.0,20.33,3130.0,73.76,51.34,2311.0,89.87,36.747002929685486,61.88357872807247,0.03889,18.66,0.2850035008228378,407,566.2,-13.55,-1532.0,23.8,50.92,2098.0,56.2,36.746848946323524,61.88357849277214,0.02679,17.44,0.06775958260307481
513,146900.0,99.7,11280.0,383.2,281.9,135600.0,475.7,36.74622276911459,61.87569406206077,0.003509,14.36,197,67250.0,28.83,4438.0,259.3,172.8,62810.0,311.6,36.74634793129978,61.875730990465264,0.004961,15.07,0.25057314966585986,409,53760.0,-3.734,-422.3,231.9,153.8,54180.0,278.2,36.7462668837954,61.8756992758128,0.005135,13.91,0.07717925178278347
517,394600.0,110.9,12550.0,628.2,236.9,382100.0,671.4,36.74597850312878,61.87547197812379,0.001757,13.23,198,223700.0,37.87,5829.0,472.9,134.8,217800.0,491.7,36.74614776629661,61.87547879828134,0.002258,13.72,0.2882873560753129,411,135000.0,2.238,253.1,367.5,131.5,134800.0,390.3,36.7460301726263,61.87547890887734,0.002896,12.92,0.09116407138171437
519,16410.0,75.66,8556.0,128.1,95.09,7857.0,159.5,36.7456363873282,61.88935620422371,0.02031,17.45,199,6699.0,19.42,2990.0,81.85,57.78,3709.0,100.2,36.74581515223301,61.88936179594168,0.02701,18.14,0.3038942985294107,414,1059.0,-14.05,-1590.0,32.54,60.74,2648.0,68.91,36.745603719826875,61.88937742082001,0.02602,17.18,0.09436269513668218
524,22010.0,81.86,9258.0,148.4,184.3,12750.0,236.6,36.74441290018351,61.89762255137484,0.01855,16.93,200,4982.0,21.4,3294.0,70.58,76.14,1688.0,103.8,36.74457368475046,61.89762711730663,0.06152,19.0,0.27314938036134423,418,7669.0,-10.53,-1191.0,87.57,106.2,8860.0,137.7,36.74434079723416,61.89765930364866,0.01554,15.87,0.18015403285701928
526,28180.0,74.63,8440.0,167.9,73.0,19740.0,183.1,36.74379995900057,61.86888024167134,0.009272,16.45,201,9931.0,20.13,3098.0,99.65,57.09,6833.0,114.8,36.74395619931602,61.86888508181185,0.01681,17.48,0.265769003160268,419,5995.0,-14.69,-1661.0,77.42,46.35,7656.0,90.24,36.74387918923776,61.868871259499706,0.01179,16.03,0.13831572147900004
527,38340.0,76.71,8675.0,195.8,127.7,29660.0,233.8,36.74371848683074,61.897852496892156,0.007881,16.01,202,6660.0,20.76,3195.0,81.61,74.07,3465.0,110.2,36.743896947859604,61.897857572417166,0.03181,18.22,0.3031784739847547,420,19610.0,-11.92,-1348.0,140.0,74.19,20960.0,158.5,36.743642011396105,61.89788873739838,0.007562,14.94,0.18395456510279465
528,23550.0,77.11,8721.0,153.5,87.73,14830.0,176.8,36.7431136851916,61.850415231784616,0.01192,16.76,203,5516.0,17.93,2761.0,74.27,60.26,2755.0,95.64,36.74327755057451,61.850414763312386,0.03472,18.47,0.2783125062283385,421,6592.0,-17.13,-1938.0,81.19,58.67,8530.0,100.2,36.743290644689914,61.850371334079604,0.01174,15.91,0.3395618449209911
530,81260.0,79.76,9021.0,285.1,69.14,72230.0,293.3,36.741976265224146,61.86893942672723,0.004061,15.04,204,40190.0,21.58,3321.0,200.5,52.95,36870.0,207.3,36.74213566628281,61.86894463871812,0.005624,15.65,0.271211430405446,425,23720.0,-13.95,-1578.0,154.0,45.42,25300.0,160.6,36.74206254957022,61.86892794042813,0.006348,14.73,0.15218157449486908
535,42540.0,71.63,8102.0,206.3,96.72,34440.0,227.8,36.73639427836829,61.893970173448956,0.006615,15.85,205,16910.0,18.46,2841.0,130.0,62.95,14070.0,144.5,36.73656887253027,61.89397853686902,0.01027,16.7,0.2976344122975837,429,10270.0,-15.95,-1804.0,101.4,53.6,12080.0,114.7,36.736353640312,61.89399066068519,0.009493,15.53,0.10094448786978058
539,42890.0,74.55,8432.0,207.1,69.89,34460.0,218.6,36.73592336407544,61.88073283189078,0.006343,15.85,206,12770.0,17.19,2647.0,113.0,59.54,10120.0,127.7,36.736089270727625,61.88074082324818,0.01262,17.05,0.28296180750698824,431,13560.0,-14.81,-1675.0,116.4,49.48,15230.0,126.5,36.73595645679521,61.88073217277403,0.008305,15.28,0.05619888286189244
541,32930.0,78.14,8838.0,181.5,84.3,24090.0,200.1,36.734901713165186,61.87788882961258,0.008305,16.23,207,12660.0,21.49,3309.0,112.5,60.85,9352.0,127.9,36.73507079303102,61.877896592559004,0.01368,17.14,0.28826408763061245,432,7584.0,-13.4,-1516.0,87.09,53.28,9100.0,102.1,36.7349488024517,61.87787790873877,0.01122,15.84,0.0890526920576655
543,78340.0,81.22,9186.0,279.9,73.66,69150.0,289.4,36.73465775705991,61.878601410932575,0.004185,15.09,208,32660.0,22.2,3418.0,180.7,55.71,29240.0,189.1,36.7348266342059,61.878608827508444,0.006468,15.9,0.28779672737634077,433,22640.0,-13.28,-1502.0,150.5,48.0,24140.0,157.9,36.73470050570924,61.87859388647077,0.006542,14.78,0.07742997025995538
550,39000.0,76.47,8649.0,197.5,70.91,30350.0,209.8,36.73138890722454,61.88912479047031,0.006913,15.98,209,16220.0,20.19,3108.0,127.4,49.29,13120.0,136.6,36.73155893069795,61.88913303418031,0.01041,16.77,0.2899244363604699,437,8798.0,-14.1,-1594.0,93.8,43.83,10390.0,103.5,36.73137968206375,61.88912787094125,0.009962,15.7,0.019179299443305046
557,41920.0,76.02,8598.0,204.7,104.3,33320.0,229.8,36.72980822218997,61.896950894800696,0.006896,15.88,210,12580.0,19.73,3037.0,112.1,68.1,9541.0,131.2,36.7299820538387,61.89696079991984,0.01375,17.12,0.2969345671543652,441,12340.0,-14.09,-1593.0,111.1,62.15,13940.0,127.3,36.72975408057259,61.896963713600826,0.009135,15.38,0.10275900932345447
559,25360.0,74.73,8452.0,159.2,73.83,16900.0,175.5,36.729722474367726,61.87239798915507,0.01038,16.62,211,5091.0,19.17,2951.0,71.35,54.61,2140.0,89.85,36.729884263155235,61.87240568095735,0.04198,18.74,0.27597613390597603,442,10150.0,-15.4,-1742.0,100.7,49.27,11890.0,112.1,36.729798034856685,61.872372700642075,0.009432,15.55,0.1572683561150773
560,92440.0,83.74,9470.0,304.0,75.67,82970.0,313.3,36.72960485771861,61.862678896442816,0.003776,14.89,212,11210.0,19.89,3062.0,105.9,52.16,8143.0,118.0,36.72976776653958,61.862682596868574,0.01449,17.29,0.276892714573387,443,65310.0,-7.544,-853.2,255.6,54.88,66160.0,261.4,36.72973165482933,61.86263760610984,0.003951,13.69,0.2615997148724641
563,31570.0,76.95,8703.0,177.7,73.74,22870.0,192.4,36.7282206097979,61.886927855201115,0.008413,16.29,213,11960.0,19.86,3057.0,109.4,55.37,8905.0,122.6,36.728387978799745,61.886936810583,0.01377,17.19,0.2857438010941741,445,6565.0,-14.06,-1591.0,81.03,51.71,8156.0,96.12,36.728224099419506,61.88692274723889,0.01179,15.96,0.019318011805200496
565,39580.0,76.39,8640.0,199.0,73.18,30940.0,212.0,36.72804251229571,61.881076273172674,0.006851,15.96,214,6327.0,19.31,2973.0,79.54,53.21,3354.0,95.7,36.72819503748867,61.88108038980929,0.02853,18.25,0.25921218142545616,446,24960.0,-12.64,-1430.0,158.0,47.35,26390.0,164.9,36.72807815643563,61.8810628350666,0.006249,14.69,0.0774456857745821
566,14720.0,74.19,8390.0,121.3,94.01,6325.0,153.5,36.72768212725066,61.846231455657104,0.02426,17.69,215,4417.0,16.27,2504.0,66.46,68.39,1913.0,95.36,36.72784784084262,61.8462411171185,0.04986,18.86,0.28362544731936784,447,1133.0,-18.92,-2140.0,33.66,65.17,3272.0,73.34,36.72788798602537,61.846153414628006,0.02241,16.95,0.4485592777558118
571,18070.0,75.46,8535.0,134.4,76.78,9539.0,154.8,36.7259002439219,61.876172596542574,0.01623,17.24,216,6316.0,19.55,3009.0,79.47,51.15,3307.0,94.51,36.72604463385482,61.876176296257334,0.02858,18.27,0.24538612635403775,451,2320.0,-16.61,-1879.0,48.16,41.81,4198.0,63.78,36.72596798405694,61.87614795264256,0.01519,16.68,0.1452066921799541
573,38940.0,76.13,8610.0,197.3,77.04,30330.0,211.8,36.725701856696276,61.89199314980966,0.006985,15.99,217,7187.0,19.59,3016.0,84.78,56.76,4171.0,102.0,36.7258819371491,61.89200015869104,0.02446,18.02,0.3064724415839495,452,19030.0,-13.18,-1490.0,138.0,50.71,20520.0,147.0,36.72568576104479,61.891990908528086,0.007162,14.96,0.028467028568833968
574,15720.0,73.24,8283.0,125.4,90.53,7436.0,154.6,36.72541358103197,61.89746615077173,0.0208,17.51,218,5956.0,18.76,2888.0,77.18,75.02,3069.0,107.6,36.72558824674473,61.89747297767333,0.03507,18.35,0.29721303529182924,453,979.5,-15.43,-1745.0,31.3,59.78,2724.0,67.47,36.72536860650924,61.897473561208045,0.02477,17.15,0.08079822305620289
595,29350.0,81.03,9164.0,171.3,123.8,20190.0,211.4,36.72161919028832,61.88431076800247,0.01047,16.43,219,6670.0,18.86,2903.0,81.67,70.46,3767.0,107.9,36.72179757104121,61.88431679647561,0.02864,18.13,0.30340230099562926,461,11330.0,-11.11,-1256.0,106.5,87.98,12590.0,138.1,36.721653957068895,61.88429014595983,0.01097,15.49,0.0948176787645641
601,87150.0,80.25,9076.0,295.2,97.22,78070.0,310.8,36.720648192336476,61.87686471227835,0.003981,14.96,220,26650.0,21.36,3288.0,163.3,65.14,23360.0,175.8,36.72082146774016,61.87687185053565,0.007523,16.15,0.2951561292479607,462,38040.0,-11.58,-1309.0,195.0,72.06,39350.0,207.9,36.72072693283064,61.87683236757059,0.005284,14.25,0.1772341321199036
615,22770.0,75.95,8590.0,150.9,94.64,14180.0,178.1,36.719270453709704,61.856276510471744,0.01256,16.81,222,4560.0,17.83,2745.0,67.53,60.61,1815.0,90.74,36.71942610193434,61.856278922270974,0.05,18.92,0.26444347270480456,464,8518.0,-15.22,-1722.0,92.3,64.92,10240.0,112.8,36.71943265226932,61.856207451338406,0.01102,15.71,0.3710347812806508
630,55960.0,77.95,8816.0,236.6,98.52,47150.0,256.3,36.71825801704888,61.88712832857336,0.005435,15.51,224,23590.0,20.89,3216.0,153.6,64.77,20380.0,166.7,36.718428155963146,61.88713437976044,0.008181,16.3,0.2894371181271824,468,15110.0,-12.15,-1374.0,122.9,69.81,16480.0,141.4,36.71828424414446,61.88710638624483,0.008576,15.2,0.09065981512937202
632,139500.0,84.07,9508.0,373.5,100.1,130000.0,386.6,36.71807349220275,61.873952252883754,0.002975,14.41,227,28940.0,21.7,3341.0,170.1,61.05,25600.0,180.7,36.7182481941877,61.87395804244889,0.00706,16.05,0.2972160132998464,469,95980.0,-5.774,-653.0,309.8,82.39,96630.0,320.6,36.71816824335524,61.873913203278455,0.003317,13.28,0.2135867367105129
633,20170.0,74.32,8406.0,142.0,119.9,11760.0,185.9,36.718006114098365,61.87911913476215,0.0158,17.01,226,5303.0,18.18,2798.0,72.82,78.97,2505.0,107.4,36.71820244800073,61.879128808249234,0.04288,18.57,0.3349545503025591,470,4821.0,-14.4,-1628.0,69.43,71.71,6449.0,99.82,36.718064329568996,61.879087173494824,0.01548,16.22,0.1516457504542548
634,67200.0,80.1,9059.0,259.2,122.0,58140.0,286.5,36.71796249946261,61.85442212417115,0.004928,15.28,228,24690.0,20.55,3164.0,157.1,77.05,21530.0,175.0,36.71812593934037,61.85442613545324,0.008129,16.24,0.2779238335359308,471,18080.0,-14.99,-1695.0,134.5,90.0,19780.0,161.8,36.71814573072216,61.854345177734814,0.008182,15.0,0.4165960027347853
638,18950.0,85.64,9686.0,137.7,244.7,9263.0,280.7,36.71733357289491,61.85417164923244,0.03031,17.27,230,7551.0,21.87,3367.0,86.9,130.2,4184.0,156.5,36.71750143920554,61.85418078773875,0.03742,18.01,0.286959631229672,472,1881.0,-12.58,-1423.0,43.37,139.0,3304.0,145.6,36.717502679832336,61.85409691407781,0.04408,16.94,0.3935166972035424
644,33400.0,79.47,8988.0,182.8,154.7,24410.0,239.4,36.71704904039312,61.85388898021922,0.009807,16.22,231,12370.0,20.29,3123.0,111.2,93.16,9252.0,145.1,36.71720858624651,61.85389660478344,0.01568,17.15,0.2723272321430778,473,7479.0,-14.94,-1689.0,86.48,92.51,9168.0,126.6,36.71723970864083,61.85381237750801,0.01381,15.83,0.425312543470993
646,329100.0,100.9,11410.0,573.7,162.0,317700.0,596.1,36.71688640108701,61.89202107653777,0.001876,13.43,232,195100.0,33.28,5123.0,441.7,106.2,190000.0,454.3,36.71706538224373,61.89202577165116,0.002391,13.87,0.3040374235900381,474,103400.0,-4.425,-500.5,321.5,91.32,103900.0,334.2,36.71688903516158,61.89200092413206,0.003218,13.2,0.07268609044987871
658,21650.0,76.11,8608.0,147.2,87.95,13050.0,171.4,36.71600390786215,61.85863563321659,0.01314,16.9,234,4818.0,18.4,2833.0,69.41,59.0,1985.0,91.1,36.716136899430545,61.85863760068918,0.04589,18.82,0.22592208408244763,476,6536.0,-16.61,-1879.0,80.84,56.71,8415.0,98.75,36.71616953987001,61.858562542154985,0.01174,15.93,0.38513386059669746
668,24140.0,74.85,8465.0,155.4,139.7,15680.0,208.9,36.71498525697425,61.84492610695728,0.01333,16.7,236,8880.0,16.49,2539.0,94.23,82.82,6341.0,125.5,36.71514072209201,61.84493165307853,0.01978,17.56,0.2648413946484251,477,3804.0,-17.86,-2020.0,61.68,106.5,5824.0,123.1,36.71523418588238,61.84483075495687,0.02114,16.33,0.5446453647972899
673,40280.0,74.96,8478.0,200.7,92.67,31800.0,221.1,36.71456892489609,61.88485334921858,0.006951,15.93,237,16210.0,20.37,3136.0,127.3,61.84,13070.0,141.5,36.71474182077817,61.88486294750165,0.01083,16.78,0.2953430311123022,479,9835.0,-14.55,-1646.0,99.17,59.65,11480.0,115.7,36.714616626205384,61.88482472968883,0.01008,15.59,0.1310114979763029
705,24900.0,76.54,8657.0,157.8,105.5,16240.0,189.8,36.71232133754376,61.87621951561988,0.01168,16.66,239,7916.0,18.02,2774.0,88.97,66.42,5142.0,111.0,36.7124956921021,61.876227394102706,0.02159,17.79,0.2972291069963788,481,5452.0,-16.14,-1826.0,73.84,62.34,7278.0,96.64,36.71241088346372,61.87617081891532,0.01328,16.08,0.23199908710988648
714,80000.0,81.79,9250.0,282.8,125.6,70750.0,309.5,36.71163842313397,61.89413318767781,0.004374,15.07,240,26250.0,20.92,3220.0,162.0,87.09,23030.0,183.9,36.71181027606115,61.8941418769469,0.007987,16.16,0.29313088254344727,482,28000.0,-12.41,-1404.0,167.3,64.73,29410.0,179.4,36.71162768054662,61.894114657288306,0.006102,14.57,0.0691525817150588
718,51010.0,75.09,8493.0,225.8,112.5,42510.0,252.3,36.711198313587936,61.87113783450965,0.005935,15.62,242,11420.0,18.87,2905.0,106.9,72.33,8514.0,129.0,36.71136549963962,61.8711422812377,0.01516,17.24,0.28420640991065355,484,22340.0,-16.28,-1841.0,149.5,66.59,24180.0,163.6,36.711308446559286,61.87108143491241,0.006767,14.78,0.27597948450304005
736,22970.0,79.21,8959.0,151.5,111.3,14010.0,188.0,36.7103424638875,61.896467874228485,0.01342,16.82,245,5651.0,21.03,3238.0,75.18,78.77,2414.0,108.9,36.71051363206402,61.89648012389832,0.04511,18.61,0.2936042042929923,487,6806.0,-12.73,-1440.0,82.5,68.21,8246.0,107.0,36.71032013048366,61.89644740862399,0.01298,15.95,0.08284086055990315
737,15650.0,74.74,8453.0,125.1,95.15,7195.0,157.2,36.71023426412285,61.876829165463,0.02184,17.55,246,4922.0,19.12,2943.0,70.16,75.99,1979.0,103.4,36.710404121579224,61.87683052548085,0.05226,18.83,0.2882772592850839,488,1539.0,-15.56,-1760.0,39.23,72.52,3298.0,82.45,36.71030621459162,61.876774438617204,0.025,16.94,0.23178157216450154
749,14020.0,75.84,8578.0,118.4,96.8,5446.0,152.9,36.70939575182959,61.87033651355551,0.02809,17.85,247,5576.0,19.15,2949.0,74.67,72.36,2627.0,104.0,36.7095537686971,61.87034913358226,0.03958,18.52,0.2720206679870104,490,472.8,-16.69,-1887.0,21.74,71.64,2360.0,74.87,36.70949462486204,61.87027765666018,0.03172,17.31,0.2702913276110201
759,90400.0,78.78,8910.0,300.7,100.7,81490.0,317.1,36.708589143481426,61.86958722417631,0.003891,14.91,248,46720.0,21.69,3340.0,216.2,77.02,43380.0,229.5,36.70875984142411,61.86959451755294,0.005289,15.47,0.29091766368594696,491,24720.0,-15.17,-1716.0,157.2,74.61,26430.0,174.0,36.70871437965448,61.86952447238128,0.006584,14.68,0.3101910752578982
777,27130.0,72.05,8148.0,164.7,218.2,18980.0,273.4,36.70775140856181,61.872028152271646,0.0144,16.49,254,7672.0,13.28,2044.0,87.59,243.5,5628.0,258.8,36.707897776395676,61.87202499099542,0.04598,17.69,0.24867501796271205,496,3606.0,-11.11,-1256.0,60.05,175.1,4863.0,185.1,36.707841553727945,61.87195916505578,0.03806,16.52,0.29169647700697254
785,56640.0,73.59,8323.0,238.0,200.7,48320.0,311.3,36.707705140657,61.875549777655394,0.006443,15.48,253,11830.0,14.41,2218.0,108.8,253.2,9613.0,275.6,36.707868746119225,61.87555420546985,0.02867,17.11,0.2780952990991664,497,19210.0,-6.891,-779.4,138.6,108.6,19990.0,176.1,36.70778099670159,61.87548987518681,0.00881,14.99,0.25114787346046763
